Source,Title,Link,Summary,Published,SEO_Score,cleaned,topic_cluster,sentiment_score,lexicon_score,impact_score,impact_level,operational_tag,event_flag,cluster_name
Ada Derana,"Two dead, eight injured after shooting at Brown University in US",http://www.adaderana.lk/news.php?nid=115952,"Two people were killed and eight critically wounded on Saturday (Dec 13) in a shooting at Brown University, the prestigious Ivy League school in Rhode Island, authorities said. MORE..","Sun, 14 Dec 2025 05:41:07 +0530",5.17,two dead eight injured shooting brown university us two people killed eight critically wounded saturday dec 13 shooting brown university prestigious ivy league school rhode island authorities said,1,-0.91,-10.0,-10.0,High Risk,sentiment,Normal,"Police, Rs, Arrested"
Ada Derana,Over Rs. 13 bln disbursed by Treasury so far to provide disaster relief – Finance Secretary,http://www.adaderana.lk/news.php?nid=115951,"The Secretary to the Ministry of Finance, Planning and Economic Development, Dr. Harshana Suriyapperuma, says that the Treasury has so far disbursed more than Rs. 13 billion to provide relief to the people affected by the disaster situation. MORE..","Sat, 13 Dec 2025 22:25:35 +0530",5.17,rs 13 bln disbursed treasury far provide disaster relief finance secretary secretary ministry finance planning economic development dr harshana suriyapperuma says treasury far disbursed rs 13 billion provide relief people affected disaster situation,5,-0.25,5.0,4.75,High Opportunity,"weather, energy, economic, sentiment",Normal,"Disaster, Affected, 8230"
Ada Derana,"Israel kills senior Hamas commander in Gaza strike, Israeli media say",http://www.adaderana.lk/news.php?nid=115950,"The Israeli military killed senior Hamas commander Raed Saed, one of the architects of the October 7, 2023, attacks on Israel, in a strike on a car in Gaza City on Saturday, several Israeli media outlets reported, citing sources. MORE..","Sat, 13 Dec 2025 21:29:03 +0530",5.17,israel kills senior hamas commander gaza strike israeli media say israeli military killed senior hamas commander raed saed one architects october 7 2023 attacks israel strike car gaza city saturday several israeli media outlets reported citing sources,0,-0.9169,-6.0,-6.9169,High Risk,"transport, security, sentiment",Normal,"December, Reported, Lanka"
Ada Derana,Somawathiya-Sungavila road to be closed again,http://www.adaderana.lk/news.php?nid=115949,Steps have been taken to temporarily close the Somawathiya-Sungavila main road once again. MORE..,"Sat, 13 Dec 2025 19:36:37 +0530",5.17,somawathiya sungavila road closed steps taken temporarily close somawathiya sungavila main road,0,0.0,0.0,0.0,Neutral,transport,Normal,"December, Reported, Lanka"
Ada Derana,President directs officials to prioritize rebuilding livelihoods of disaster-affected communities,http://www.adaderana.lk/news.php?nid=115948,President Anura Kumara Dissanayake has instructed officials to give top priority to restoring the livelihoods of communities affected by the disaster. MORE..,"Sat, 13 Dec 2025 19:15:42 +0530",5.17,president directs officials prioritize rebuilding livelihoods disaster affected communities president anura kumara dissanayake instructed officials give top priority restoring livelihoods communities affected disaster,5,-0.6808,-7.0,-7.6808,High Risk,"weather, sentiment",Normal,"Disaster, Affected, 8230"
Ada Derana,Steps underway to promptly reopen Hakgala Botanical Garden,http://www.adaderana.lk/news.php?nid=115947,"Deputy Minister of Environment Anton Jayakody participated in an inspection visit to initiate measures to reopen the Hakgala Botanical Garden promptly, which has been temporarily closed due to the disaster situation caused by Cyclone Ditwah in the country. MORE..","Sat, 13 Dec 2025 18:15:46 +0530",5.17,steps underway promptly reopen hakgala botanical garden deputy minister environment anton jayakody participated inspection visit initiate measures reopen hakgala botanical garden promptly temporarily closed due disaster situation caused cyclone ditwah country,5,-0.6249,-9.0,-9.6249,High Risk,"weather, sentiment",Normal,"Disaster, Affected, 8230"
Ada Derana,"Iran seizes oil tanker carrying illegal fuel, Sri Lankans among 18 crew members – report",http://www.adaderana.lk/news.php?nid=115946,"Iran has seized an oil tanker in the Gulf of Oman, Iranian media said overnight Friday to Saturday, adding that 18 crew members from India, Sri Lanka and Bangladesh were on board. MORE..","Sat, 13 Dec 2025 17:23:14 +0530",5.17,iran seizes oil tanker carrying illegal fuel sri lankans among 18 crew members report iran seized oil tanker gulf oman iranian media said overnight friday saturday adding 18 crew members india sri lanka bangladesh board,2,-0.5574,0.0,-0.5574,Risk,"transport, energy, security",Normal,"Nobel, Mohammadi, Narges"
Ada Derana,Ministry urges public to avoid sharing details of disaster-affected children,http://www.adaderana.lk/news.php?nid=115945,The Ministry of Women and Child Affairs has urged all parties to refrain from disseminating any information related to children who have become vulnerable due to the recent disaster situation in the country. MORE..,"Sat, 13 Dec 2025 16:46:11 +0530",5.17,ministry urges public avoid sharing details disaster affected children ministry women child affairs urged parties refrain disseminating information related children become vulnerable due recent disaster situation country,5,-0.8126,-9.0,-9.8126,High Risk,"weather, sentiment",Normal,"Disaster, Affected, 8230"
Ada Derana,"Over 13,500 businesses affected by adverse weather - Ministry",http://www.adaderana.lk/news.php?nid=115944,"The Ministry of Industry and Enterprise Development has reported that the Industry Disaster Support Center (IDSC) has received data on 13,698 businesses affected by the recent adverse weather conditions in Sri Lanka. MORE..","Sat, 13 Dec 2025 15:42:46 +0530",5.17,13 500 businesses affected adverse weather ministry ministry industry enterprise development reported industry disaster support center idsc received data 13 698 businesses affected recent adverse weather conditions sri lanka,5,-0.8225,-0.5,-1.3225,Risk,"weather, transport, economic, sentiment",Normal,"Disaster, Affected, 8230"
Ada Derana,Advisory issued for severe lightning,http://www.adaderana.lk/news.php?nid=115943,"An Amber  advisory has been issued by the Department of Meteorology for severe lightning in the Kalutara, Ratnapura, Galle and Matara Districts. MORE..","Sat, 13 Dec 2025 14:36:06 +0530",5.17,advisory issued severe lightning amber advisory issued department meteorology severe lightning kalutara ratnapura galle matara districts,5,-0.6369,-6.0,-6.6369,High Risk,sentiment,Normal,"Disaster, Affected, 8230"
Ada Derana,Authorities aim to clear flood-generated waste in Colombo suburbs within 10 days,http://www.adaderana.lk/news.php?nid=115942,"The Chairman of the Central Environmental Authority (CEA), Thilak Hewawasam, stated that authorities expect to completely remove accumulated garbage in the flood-affected suburbs of Colombo, following Cyclone Ditwah, within approximately 10 days. MORE..","Sat, 13 Dec 2025 14:34:42 +0530",5.17,authorities aim clear flood generated waste colombo suburbs within 10 days chairman central environmental authority cea thilak hewawasam stated authorities expect completely remove accumulated garbage flood affected suburbs colombo following cyclone ditwah within approximately 10 days,5,-0.128,-10.0,-10.0,High Risk,weather,Normal,"Disaster, Affected, 8230"
Ada Derana,Special festive advance granted to public officials,http://www.adaderana.lk/news.php?nid=115941,"A circular has been issued to provide a special advance payment of up to Rs. 4,000 to public officials in view of the festive season. MORE..","Sat, 13 Dec 2025 14:09:14 +0530",5.17,special festive advance granted public officials circular issued provide special advance payment rs 4 000 public officials view festive season,5,0.9081,4.0,4.9081,High Opportunity,sentiment,Normal,"Disaster, Affected, 8230"
Ada Derana,"Thailand vows to keep fighting Cambodia, despite Trump s ceasefire claim",http://www.adaderana.lk/news.php?nid=115940,"Thailand s leader vowed to keep fighting on the disputed border with Cambodia as fighter jets struck targets on Saturday, hours after U.S. President Donald Trump said he had brokered a ceasefire. MORE..","Sat, 13 Dec 2025 14:01:18 +0530",5.17,thailand vows keep fighting cambodia despite trump ceasefire claim thailand leader vowed keep fighting disputed border cambodia fighter jets struck targets saturday hours u president donald trump said brokered ceasefire,5,-0.7783,0.0,-0.7783,Risk,"security, sentiment",Normal,"Disaster, Affected, 8230"
Ada Derana,"Chilaw General Hospital flood damage exceeds Rs. 1,200M- Minister",http://www.adaderana.lk/news.php?nid=115939,"The Minister of Health and Mass Media, Dr. Nalinda Jayatissa, stated that the Chilaw General Hospital, which was affected by recent flooding in Sri Lanka, has sustained damages exceeding Rs. 1,200 million. MORE..","Sat, 13 Dec 2025 13:54:08 +0530",5.17,chilaw general hospital flood damage exceeds rs 1 200m minister minister health mass media dr nalinda jayatissa stated chilaw general hospital affected recent flooding sri lanka sustained damages exceeding rs 1 200 million,5,-0.7717,-7.5,-8.2717,High Risk,"weather, health, security, sentiment",Normal,"Disaster, Affected, 8230"
Ada Derana,Govt plans compensation or land allocation for people in landslide-hit areas,http://www.adaderana.lk/news.php?nid=115938,"The Land Commissioner General s Department (LCGD) has initiated measures to conduct a survey of lands affected by Cyclone Ditwah, with particular attention to areas impacted by landslides in Sri Lanka. MORE..","Sat, 13 Dec 2025 13:00:35 +0530",5.17,govt plans compensation land allocation people landslide hit areas land commissioner general department lcgd initiated measures conduct survey lands affected cyclone ditwah particular attention areas impacted landslides sri lanka,5,-0.1531,-9.0,-9.1531,High Risk,"weather, sentiment",Normal,"Disaster, Affected, 8230"
Ada Derana,36 major reservoirs across Sri Lanka continue to spill - Irrigation Dept,http://www.adaderana.lk/news.php?nid=115937,"The Irrigation Department has reported that 36 major reservoirs and over 46 medium-sized reservoirs across the country are currently spilling, according to Director of Irrigation (Water Management) H.M.P.S.D. Herath. MORE..","Sat, 13 Dec 2025 12:32:42 +0530",5.17,36 major reservoirs across sri lanka continue spill irrigation dept irrigation department reported 36 major reservoirs 46 medium sized reservoirs across country currently spilling according director irrigation water management h p herath,3,0.0,0.0,0.0,Neutral,"weather, transport",Major Event,"Sri, Lanka, Rebuilding"
Ada Derana,"US envoy nominee flags China concerns, backs Sri Lanka reforms",http://www.adaderana.lk/news.php?nid=115936,"American President Donald Trump s nominee for US ambassador to Sri Lanka told lawmakers that Washington will prioritise maritime security, economic reforms and countering China s growing footprint in the Indian Ocean nation, as Sri Lanka seeks recovery from its 2022 economic crisis and a devastating cyclone this year. MORE..","Sat, 13 Dec 2025 12:17:15 +0530",5.17,us envoy nominee flags china concerns backs sri lanka reforms american president donald trump nominee us ambassador sri lanka told lawmakers washington prioritise maritime security economic reforms countering china growing footprint indian ocean nation sri lanka seeks recovery 2022 economic crisis devastating cyclone year,3,-0.7579,-6.0,-6.7579,High Risk,"weather, security, sentiment",Major Event,"Sri, Lanka, Rebuilding"
Ada Derana,Nobel Peace Prize committee condemns “brutal” arrest of Iranian laureate Narges Mohammadi,http://www.adaderana.lk/news.php?nid=115935,"Iranian human rights activist and Nobel Peace Prize laureate Narges Mohammadi was arrested in a “brutal” manner in Iran and must be released immediately, the Norwegian Nobel Committee, which awards the prize, said on Friday. MORE..","Sat, 13 Dec 2025 12:01:34 +0530",5.17,nobel peace prize committee condemns brutal arrest iranian laureate narges mohammadi iranian human rights activist nobel peace prize laureate narges mohammadi arrested brutal manner iran must released immediately norwegian nobel committee awards prize said friday,2,0.4404,-3.0,-2.5596,High Risk,"security, sentiment",Normal,"Nobel, Mohammadi, Narges"
Ada Derana,"Sri Lanka, Italy renew bilateral agreement on Mutual Recognition of Driving Licenses",http://www.adaderana.lk/news.php?nid=115934,"The Government of Sri Lanka and the Government of Italy formally renewed the Bilateral Agreement for the Mutual Recognition of Driving Licences between the two countries yesterday (12) in Rome, Italy. MORE..","Sat, 13 Dec 2025 11:49:16 +0530",5.17,sri lanka italy renew bilateral agreement mutual recognition driving licenses government sri lanka government italy formally renewed bilateral agreement mutual recognition driving licences two countries yesterday 12 rome italy,3,0.7506,8.0,8.7506,High Opportunity,sentiment,Major Event,"Sri, Lanka, Rebuilding"
Ada Derana,"US, Sri Lanka discuss cyclone relief, R D cooperation   investment opportunities",http://www.adaderana.lk/news.php?nid=115933,"A discussion recently took place between US Ambassador to Sri Lanka, Julie Chung, and Senior Presidential Advisor on Science and Technology, Professor Gomika Udugamasooriya, at the US Embassy in Colombo. MORE..","Sat, 13 Dec 2025 11:01:46 +0530",5.17,us sri lanka discuss cyclone relief r cooperation investment opportunities discussion recently took place us ambassador sri lanka julie chung senior presidential advisor science technology professor gomika udugamasooriya us embassy colombo,3,0.6908,1.5,2.1908,High Opportunity,"weather, transport, security, economic, sentiment",Major Event,"Sri, Lanka, Rebuilding"
The Island,Prioritize rebuilding the livelihoods of disaster-affected communities – President,http://island.lk/prioritize-rebuilding-the-livelihoods-of-disaster-affected-communities-president/,"President Anura Kumara Dissanayake has instructed officials to give top priority to restoring the livelihoods of communities affected by the disaster. He emphasized the need to expedite compensation payments for damages and to take immediate measures to revive the agriculture, fisheries and industrial sectors. The President further directed that all compensation payments for crop damage [&#8230;]","Sun, 14 Dec 2025 01:02:45 +0000",6.38,prioritize rebuilding livelihoods disaster affected communities president president anura kumara dissanayake instructed officials give top priority restoring livelihoods communities affected disaster emphasized need expedite compensation payments damages take immediate measures revive agriculture fisheries industrial sectors president directed compensation payments crop damage 8230,5,-0.8519,-10.0,-10.0,High Risk,"weather, sentiment",Normal,"Disaster, Affected, 8230"
The Island,"A few showers may occur in the Northern, North-Central, Eastern, Uva and Central provinces",http://island.lk/a-few-showers-may-occur-in-the-northern-north-central-eastern-uva-and-central-provinces/,"WEATHER FORECAST FOR 14 DECEMBER 2025 Issued at 05.30 a.m. on 14 December 2025 by the Department of Meteorology  Misty conditions can be expected at some places in the  Sabaragamuwa, Central provinces and in Galle and Matara districts during the early hours of the morning. A few showers may occur in the Northern, North-Central, Eastern, [&#8230;]","Sun, 14 Dec 2025 00:19:43 +0000",6.38,showers may occur northern north central eastern uva central provinces weather forecast 14 december 2025 issued 05 30 14 december 2025 department meteorology misty conditions expected places sabaragamuwa central provinces galle matara districts early hours morning showers may occur northern north central eastern 8230,5,0.0,0.0,0.0,Neutral,"weather, sentiment",Normal,"Disaster, Affected, 8230"
The Island,Ditwah Disaster: 211 people still missing,http://island.lk/ditwah-disaster-211-people-still-missing/,"The Disaster Management Centre (DMC) reported yesterday that 211 people had gone missing following the devastation caused by Cyclone Ditwah. The disaster has left 639 individuals dead, and 84,674 people from 26,563 families are sheltered in 866 safety centres across the country. The DMC also confirmed extensive damage to houses. It said about 5,588 had [&#8230;]","Sun, 14 Dec 2025 00:06:54 +0000",6.38,ditwah disaster 211 people still missing disaster management centre dmc reported yesterday 211 people gone missing following devastation caused cyclone ditwah disaster left 639 individuals dead 84 674 people 26 563 families sheltered 866 safety centres across country dmc also confirmed extensive damage houses said 5 588 8230,5,-0.9756,-10.0,-10.0,High Risk,"weather, transport, energy, sentiment",Normal,"Disaster, Affected, 8230"
The Island,Parliament to have special sitting to approve emergency funding,http://island.lk/parliament-to-have-special-sitting-to-approve-emergency-funding/,The government has decided to convene Parliament on 18 December to secure legislative approval for emergency funding for disaster relief. The special session has been called to allocate funds for relief efforts for those affected by Cyclone Ditwah and for repairs to infrastructure and property damaged by the severe weather. Officials said the government would submit [&#8230;],"Sun, 14 Dec 2025 00:05:16 +0000",6.38,parliament special sitting approve emergency funding government decided convene parliament 18 december secure legislative approval emergency funding disaster relief special session called allocate funds relief efforts affected cyclone ditwah repairs infrastructure property damaged severe weather officials said government would submit 8230,5,0.1779,-1.0,-0.8221,Risk,"weather, health, security, economic, sentiment",Normal,"Disaster, Affected, 8230"
The Island,Why Sri Lanka Still Has No Doppler Radar – and Who Should Be Held Accountable,http://island.lk/why-sri-lanka-still-has-no-doppler-radar-and-who-should-be-held-accountable/,"Eighteen Years of Delay: Cyclone Ditwah has come and gone, leaving a trail of extensive damage to the country&#8217;s infrastructure, including buildings, roads, bridges, and 70% of the railway network. Thousands of hectares of farming land have been destroyed. Last but not least, nearly 1,000 people have lost their lives, and more than two million [&#8230;]","Sun, 14 Dec 2025 00:04:52 +0000",6.38,sri lanka still doppler radar held accountable eighteen years delay cyclone ditwah come gone leaving trail extensive damage country 8217 infrastructure including buildings roads bridges 70 railway network thousands hectares farming land destroyed last least nearly 1 000 people lost lives two million 8230,3,-0.875,-7.5,-8.375,High Risk,"weather, transport, sentiment",Major Event,"Sri, Lanka, Rebuilding"
The Island,Public urged to avoid non-essential travel in disaster-prone areas,http://island.lk/public-urged-to-avoid-non-essential-travel-in-disaster-prone-areas/,"The National Building Research Organization (NBRO) has urged the public to avoid non-essential travel this weekend. It has done so in response to numerous phone inquiries from people planning leisure trips. Red alerts remain in effect for 33 Divisional Secretariat areas across four districts due to landslides, following heavy rainfall exceeding 75 mm in recent [&#8230;]","Sun, 14 Dec 2025 00:01:12 +0000",6.38,public urged avoid non essential travel disaster prone areas national building research organization nbro urged public avoid non essential travel weekend done response numerous phone inquiries people planning leisure trips red alerts remain effect 33 divisional secretariat areas across four districts due landslides following heavy rainfall exceeding 75 mm recent 8230,5,-0.8176,-4.5,-5.3176,High Risk,"weather, sentiment",Normal,"Disaster, Affected, 8230"
The Island,Police have frozen assets worth Rs. 376 Mn belonging to 39-year-old suspected drug trafficker,http://island.lk/police-have-frozen-assets-worth-rs-376-mn-belonging-to-39-year-old-suspected-drug-trafficker/,"Police have frozen assets worth Rs. 376 million belonging to a 39-year-old suspected drug trafficker from Ibbagamuwa, in a major crackdown under the Prevention of Money Laundering Act.The seven-day freeze order, effective from 10 December, 2025, was issued following investigations into property allegedly acquired with drug money, police said. Among the assets frozen are a [&#8230;]","Sun, 14 Dec 2025 00:00:14 +0000",6.38,police frozen assets worth rs 376 mn belonging 39 year old suspected drug trafficker police frozen assets worth rs 376 million belonging 39 year old suspected drug trafficker ibbagamuwa major crackdown prevention money laundering act seven day freeze order effective 10 december 2025 issued following investigations property allegedly acquired drug money police said among assets frozen 8230,1,0.7506,0.0,0.7506,Opportunity,"transport, health, security, sentiment",Normal,"Police, Rs, Arrested"
The Island,Lanka unveils world-first simplified dengue early action protocol,http://island.lk/lanka-unveils-world-first-simplified-dengue-early-action-protocol/,"The Sri Lanka Red Cross Society (SLRCS), in collaboration with the International Red Cross and Red Crescent Societies (IFRC) and the National Dengue Control Unit (NDCU) of the Ministry of Health (MoH), has officially launched a Simplified Early Action Protocol (sEAP) for Dengue Prevention. This landmark initiative is the first-ever dengue-focused sEAP globally, signifying a [&#8230;]","Sun, 14 Dec 2025 00:00:10 +0000",6.38,lanka unveils world first simplified dengue early action protocol sri lanka red cross society slrcs collaboration international red cross red crescent societies ifrc national dengue control unit ndcu ministry health moh officially launched simplified early action protocol seap dengue prevention landmark initiative first ever dengue focused seap globally signifying 8230,3,0.5267,-6.0,-5.4733,High Risk,"health, sentiment",Major Event,"Sri, Lanka, Rebuilding"
The Island,Disaster relief and shocking allegations,http://island.lk/disaster-relief-and-shocking-allegations/,"The government has announced a sweeping compensation package for the Ditwah disaster victims, and the disbursement of money for cleaning the flood-affected houses, is already underway. It is spending funds that belong to the people and not the JVP or the NPP. It must therefore not only disburse state funds responsibly but also be seen [&#8230;]","Sat, 13 Dec 2025 23:50:43 +0000",6.38,disaster relief shocking allegations government announced sweeping compensation package ditwah disaster victims disbursement money cleaning flood affected houses already underway spending funds belong people jvp npp must therefore disburse state funds responsibly also seen 8230,5,-0.8934,-7.5,-8.3934,High Risk,"weather, sentiment",Normal,"Disaster, Affected, 8230"
The Island,Ramifications of Trump Corollary,http://island.lk/ramifications-of-trump-corollary/,"President Trump is expected to close the deal on the Ukraine crisis, as he may wish to concentrate his full strength on two issues: ongoing operations in Venezuela and the bolstering of Japan’s military capabilities as tensions between China and Japan over Taiwan rise. Trump can easily concede Ukraine to Putin and refocus on the [&#8230;]","Sat, 13 Dec 2025 23:50:04 +0000",6.38,ramifications trump corollary president trump expected close deal ukraine crisis may wish concentrate full strength two issues ongoing operations venezuela bolstering japan military capabilities tensions china japan taiwan rise trump easily concede ukraine putin refocus 8230,5,0.128,-4.5,-4.372,High Risk,"weather, security, sentiment",Normal,"Disaster, Affected, 8230"
Daily News,Government warns against sharing images of disaster-affected children,https://dailynews.lk/2025/12/13/local/914141/government-warns-against-sharing-images-of-disaster-affected-children/,"The Ministry of Women and Child Affairs has urged the public and media to refrain from sharing photographs, video clips, or personal details of children affected by the recent disaster.&#8230;
The post Government warns against sharing images of disaster-affected children appeared first on DailyNews.","Sat, 13 Dec 2025 11:14:31 +0000",5.8,government warns sharing images disaster affected children ministry women child affairs urged public media refrain sharing photographs video clips personal details children affected recent disaster 8230 post government warns sharing images disaster affected children appeared first dailynews,5,-0.8591,-10.0,-10.0,High Risk,"weather, sentiment",Normal,"Disaster, Affected, 8230"
Daily News,US Lawmakers move resolution to end Trump Tariffs,https://dailynews.lk/2025/12/13/breaking-news/914130/us-lawmakers-move-resolution-to-end-trump-tariffs/,"Three members of the US House of Representatives on Friday introduced a resolution aimed at terminating President Donald Trump&#8217;s national emergency declaration that imposed tariffs of up to 50 per&#8230;
The post US Lawmakers move resolution to end Trump Tariffs appeared first on DailyNews.","Sat, 13 Dec 2025 10:12:23 +0000",5.8,us lawmakers move resolution end trump tariffs three members us house representatives friday introduced resolution aimed terminating president donald trump 8217 national emergency declaration imposed tariffs 50 per 8230 post us lawmakers move resolution end trump tariffs appeared first dailynews,5,-0.4404,0.0,-0.4404,Risk,"energy, health, security, economic, sentiment",Normal,"Disaster, Affected, 8230"
Daily News,Lakbima Rice Mills contributes Rs. 100 million to ‘Rebuilding Sri Lanka’ Fund,https://dailynews.lk/2025/12/13/local/914127/lakbima-rice-mills-contributes-rs-100-million-to-rebuilding-sri-lanka-fund/,"Lakbima Rice Mills (Pvt) Ltd, based in Polonnaruwa, has donated Rs. 100 million to the Government’s ‘Rebuilding Sri Lanka’ Fund. The donation was made this morning (13). The cheque was&#8230;
The post Lakbima Rice Mills contributes Rs. 100 million to ‘Rebuilding Sri Lanka’ Fund appeared first on DailyNews.","Sat, 13 Dec 2025 10:10:59 +0000",5.8,lakbima rice mills contributes rs 100 million rebuilding sri lanka fund lakbima rice mills pvt ltd based polonnaruwa donated rs 100 million government rebuilding sri lanka fund donation made morning 13 cheque 8230 post lakbima rice mills contributes rs 100 million rebuilding sri lanka fund appeared first dailynews,3,0.0,8.0,8.0,High Opportunity,sentiment,Major Event,"Sri, Lanka, Rebuilding"
Daily News,Cyclone Ditwah Disaster: Death toll rises to 640,https://dailynews.lk/2025/12/13/local/914120/cyclone-ditwah-disaster-death-toll-rises-to-640/,"The Disaster Management Centre (DMC) reports that the death toll from the severe disaster caused by Cyclone Ditva has risen to 640, while 211 people remain missing. According to the&#8230;
The post Cyclone Ditwah Disaster: Death toll rises to 640 appeared first on DailyNews.","Sat, 13 Dec 2025 10:03:28 +0000",5.8,cyclone ditwah disaster death toll rises 640 disaster management centre dmc reports death toll severe disaster caused cyclone ditva risen 640 211 people remain missing according 8230 post cyclone ditwah disaster death toll rises 640 appeared first dailynews,5,-0.9871,-10.0,-10.0,High Risk,"weather, transport, sentiment",Normal,"Disaster, Affected, 8230"
Daily News,John Cena retires from WWE ring after 20 years,https://dailynews.lk/2025/12/13/breaking-news/914113/john-cena-retires-from-wwe-ring-after-20-years/,"John Cena prepares to step into the ring for what WWE bills as his final in-ring match on December 14, 2025, when he faces GUNTHER at Saturday Night’s Main Event.&#8230;
The post John Cena retires from WWE ring after 20 years appeared first on DailyNews.","Sat, 13 Dec 2025 08:48:35 +0000",5.8,john cena retires wwe ring 20 years john cena prepares step ring wwe bills final ring match december 14 2025 faces gunther saturday night main event 8230 post john cena retires wwe ring 20 years appeared first dailynews,5,0.0,0.0,0.0,Neutral,energy,Normal,"Disaster, Affected, 8230"
Daily News,"U.S. envoy, Sri Lankan Advisor discuss joint efforts on rebuilding and investment",https://dailynews.lk/2025/12/13/local/914106/u-s-envoy-sri-lankan-advisor-discuss-joint-efforts-on-rebuilding-and-investment/,"A discussion between U.S. Ambassador to Sri Lanka, Julie Chung and President’s Senior Adviser on Science and Technology, Prof. Gomika Udugamasooriya, took place recently at the U.S. Embassy in Colombo.&#8230;
The post U.S. envoy, Sri Lankan Advisor discuss joint efforts on rebuilding and investment appeared first on DailyNews.","Sat, 13 Dec 2025 08:09:55 +0000",5.8,u envoy sri lankan advisor discuss joint efforts rebuilding investment discussion u ambassador sri lanka julie chung president senior adviser science technology prof gomika udugamasooriya took place recently u embassy colombo 8230 post u envoy sri lankan advisor discuss joint efforts rebuilding investment appeared first dailynews,3,0.0,8.0,8.0,High Opportunity,"economic, sentiment",Major Event,"Sri, Lanka, Rebuilding"
Daily News,Islandwide water supply fully restored,https://dailynews.lk/2025/12/13/local/914100/islandwide-water-supply-fully-restored/,"The National Water Supply and Drainage Board (NWSDB) announced that the water supply disruptions caused by the recent disaster have now been fully restored across the island. Chairman Eng. Chandana&#8230;
The post Islandwide water supply fully restored appeared first on DailyNews.","Sat, 13 Dec 2025 07:56:09 +0000",5.8,islandwide water supply fully restored national water supply drainage board nwsdb announced water supply disruptions caused recent disaster fully restored across island chairman eng chandana 8230 post islandwide water supply fully restored appeared first dailynews,5,0.1479,-8.5,-8.3521,High Risk,"weather, energy",Normal,"Disaster, Affected, 8230"
Daily News,King says he can ‘share the good news’ his cancer treatment will be reduced,https://dailynews.lk/2025/12/13/breaking-news/914048/king-says-he-can-share-the-good-news-his-cancer-treatment-will-be-reduced/,"King Charles has shared &#8220;good news&#8221; about his cancer, saying in a personal message that early diagnosis and &#8220;effective intervention&#8221; means his treatment can be reduced in the new year.&#8230;
The post King says he can &#8216;share the good news&#8217; his cancer treatment will be reduced appeared first on DailyNews.","Sat, 13 Dec 2025 02:18:17 +0000",5.8,king says share good news cancer treatment reduced king charles shared 8220 good news 8221 cancer saying personal message early diagnosis 8220 effective intervention 8221 means treatment reduced new year 8230 post king says 8216 share good news 8217 cancer treatment reduced appeared first dailynews,5,0.34,0.0,0.34,Neutral,health,Normal,"Disaster, Affected, 8230"
Daily News,"Nobel laureate Narges Mohammadi arrested in Iran, supporters say",https://dailynews.lk/2025/12/13/breaking-news/914041/nobel-laureate-narges-mohammadi-arrested-in-iran-supporters-say/,"Iranian security forces have &#8220;violently arrested&#8221; Nobel Peace Prize winner and women&#8217;s rights activist Narges Mohammadi, her foundation has said. The Narges Foundation said Ms Mohammadi, 53, was detained in&#8230;
The post Nobel laureate Narges Mohammadi arrested in Iran, supporters say appeared first on DailyNews.","Sat, 13 Dec 2025 01:58:12 +0000",5.8,nobel laureate narges mohammadi arrested iran supporters say iranian security forces 8220 violently arrested 8221 nobel peace prize winner women 8217 rights activist narges mohammadi foundation said narges foundation said ms mohammadi 53 detained 8230 post nobel laureate narges mohammadi arrested iran supporters say appeared first dailynews,2,0.4588,0.0,0.4588,Neutral,"transport, security, sentiment",Normal,"Nobel, Mohammadi, Narges"
Daily News,"Widespread showers, strong winds expected across several provinces",https://dailynews.lk/2025/12/13/local/914035/widespread-showers-strong-winds-expected-across-several-provinces/,"Several spells of showers will occur in Northern, North-Central, Eastern, Uva, Central and North-Western provinces. Showers or thundershowers may occur at several places in the other areas of the island&#8230;
The post Widespread showers, strong winds expected across several provinces appeared first on DailyNews.","Sat, 13 Dec 2025 01:49:55 +0000",5.8,widespread showers strong winds expected across several provinces several spells showers occur northern north central eastern uva central north western provinces showers thundershowers may occur several places areas island 8230 post widespread showers strong winds expected across several provinces appeared first dailynews,5,0.765,0.0,0.765,Opportunity,weather,Normal,"Disaster, Affected, 8230"
EconomyNext,"Hurrican Ditwah hits 13,698 Sri Lanka businesses, hotline given",https://economynext.com/hurrican-ditwah-hits-13698-sri-lanka-businesses-hotline-given-253061/,"Businesses damaged by Ditwah urged to report on website, hotline","Sat, 13 Dec 2025 14:50:14 +0000",6.65,hurrican ditwah hits 13 698 sri lanka businesses hotline given businesses damaged ditwah urged report website hotline,3,-0.4404,0.0,-0.4404,Risk,"weather, transport, economic",Major Event,"Sri, Lanka, Rebuilding"
EconomyNext,"Sri Lanka average coconut prices dip 1.5-pct, more nuts offered",https://economynext.com/sri-lanka-average-coconut-prices-dip-1-5-pct-more-nuts-offered-252979/,"The average price of 1,000 nuts dropped from 114,559.44 rupees to 112,740.72.","Sat, 13 Dec 2025 09:30:05 +0000",6.65,sri lanka average coconut prices dip 1 5 pct nuts offered average price 1 000 nuts dropped 114 559 44 rupees 112 740 72,3,-0.5574,0.0,-0.5574,Risk,economic,Major Event,"Sri, Lanka, Rebuilding"
EconomyNext,"FAO ready to work with Sri Lanka government, agencies on disaster aid",https://economynext.com/fao-ready-to-work-with-sri-lanka-government-agencies-on-disaster-aid-252970/,"Ready to collaborate with government, bilateral partners, and multilateral agencies to ensure recovery","Sat, 13 Dec 2025 05:30:47 +0000",6.65,fao ready work sri lanka government agencies disaster aid ready collaborate government bilateral partners multilateral agencies ensure recovery,3,0.3612,1.5,1.8612,Opportunity,"weather, sentiment",Major Event,"Sri, Lanka, Rebuilding"
EconomyNext,"Sri Lanka private credit surges to new high of Rs246bn in October, rupee depreciated",https://economynext.com/sri-lanka-private-credit-surges-to-new-high-of-rs246bn-in-october-rupee-depreciated-252984/,In 2025 the rupee has depreciated amid current account surpluses and deficits,"Sat, 13 Dec 2025 02:37:55 +0000",6.65,sri lanka private credit surges new high rs246bn october rupee depreciated 2025 rupee depreciated amid current account surpluses deficits,3,0.3818,0.0,0.3818,Neutral,economic,Major Event,"Sri, Lanka, Rebuilding"
EconomyNext,"Sri Lanka central banker urges stronger research, collaboration amid global uncertainty",https://economynext.com/sri-lanka-central-banker-urges-stronger-research-collaboration-amid-global-uncertainty-252941/,"Well-grounded research enhances forecasting accuracy, informs the calibration of monetary and macroprudential tools,","Fri, 12 Dec 2025 12:30:11 +0000",6.65,sri lanka central banker urges stronger research collaboration amid global uncertainty well grounded research enhances forecasting accuracy informs calibration monetary macroprudential tools,3,0.3182,2.0,2.3182,High Opportunity,"weather, economic",Major Event,"Sri, Lanka, Rebuilding"
EconomyNext,"Sri Lanka rupee marginally stronger, bond yields down",https://economynext.com/sri-lanka-rupee-marginally-stronger-bond-yields-down-252953/,Rupee has depreciated over the week,"Fri, 12 Dec 2025 11:34:37 +0000",6.65,sri lanka rupee marginally stronger bond yields rupee depreciated week,3,0.3197,0.0,0.3197,Neutral,economic,Major Event,"Sri, Lanka, Rebuilding"
EconomyNext,Sri Lanka stocks close up 0.22-pct amidst volatility,https://economynext.com/sri-lanka-stocks-close-up-0-22-pct-amidst-volatility-252937/,Market turnover was 3.02 billion rupees.,"Fri, 12 Dec 2025 10:56:17 +0000",6.65,sri lanka stocks close 0 22 pct amidst volatility market turnover 3 02 billion rupees,3,0.0,0.0,0.0,Neutral,"energy, economic",Major Event,"Sri, Lanka, Rebuilding"
EconomyNext,Sri Lanka regulator suspends Sanasa Life Insurance,https://economynext.com/sri-lanka-regulator-suspends-sanasa-life-insurance-252938/,The registration was suspended from December 5 until December 26,"Fri, 12 Dec 2025 10:36:53 +0000",6.65,sri lanka regulator suspends sanasa life insurance registration suspended december 5 december 26,0,-0.4767,0.0,-0.4767,Risk,general,Normal,"December, Reported, Lanka"
EconomyNext,Sri Lanka to offer concessionary loan scheme for disaster-hit MSMEs,https://economynext.com/sri-lanka-to-offer-concessionary-loan-scheme-for-disaster-hit-msmes-252928/,Consolidation of loans schemes for MSMEs under one framework and implementation of recovery loan schemes,"Fri, 12 Dec 2025 08:05:42 +0000",6.65,sri lanka offer concessionary loan scheme disaster hit msmes consolidation loans schemes msmes one framework implementation recovery loan schemes,3,-0.6249,-1.5,-2.1249000000000002,High Risk,"weather, economic",Major Event,"Sri, Lanka, Rebuilding"
EconomyNext,"Sri Lanka sells Rs120bn in 2030, 2032 and 2035 bonds",https://economynext.com/sri-lanka-sells-rs120bn-in-2030-2032-and-2035-bonds-252780/,143 billion offered,"Fri, 12 Dec 2025 06:16:25 +0000",6.65,sri lanka sells rs120bn 2030 2032 2035 bonds 143 billion offered,3,0.6369,0.0,0.6369,Opportunity,"energy, economic",Major Event,"Sri, Lanka, Rebuilding"
EconomyNext,Sri Lanka has enough seed paddy to re-cultivate cyclone damaged fields,https://economynext.com/sri-lanka-has-enough-seed-paddy-to-re-cultivate-cyclone-damaged-fields-252918/,"By the time the cyclone hit, 620,136 hectares were cultivated.","Fri, 12 Dec 2025 05:30:50 +0000",6.65,sri lanka enough seed paddy cultivate cyclone damaged fields time cyclone hit 620 136 hectares cultivated,3,-0.4404,-9.0,-9.4404,High Risk,weather,Major Event,"Sri, Lanka, Rebuilding"
EconomyNext,"Sri Lanka rupee marginally stronger, bond yields drop",https://economynext.com/sri-lanka-rupee-marginally-stronger-bond-yields-drop-252910/,The rupee has fallen from 293.10/30 to 308.15/40 over 2025 amid record current account deficits,"Fri, 12 Dec 2025 04:36:11 +0000",6.65,sri lanka rupee marginally stronger bond yields drop rupee fallen 293 10 30 308 15 40 2025 amid record current account deficits,3,-0.3167,0.0,-0.3167,Risk,economic,Major Event,"Sri, Lanka, Rebuilding"
EconomyNext,Vietnam offers free trade expo space to boost Sri Lanka exports,https://economynext.com/vietnam-offers-free-trade-expo-space-to-boost-sri-lanka-exports-252842/,Active participation of businesses of both countries is needed - Minister,"Fri, 12 Dec 2025 01:13:50 +0000",6.65,vietnam offers free trade expo space boost sri lanka exports active participation businesses countries needed minister,3,0.8271,2.0,2.8270999999999997,High Opportunity,"transport, economic, sentiment",Major Event,"Sri, Lanka, Rebuilding"
EconomyNext,"Sri Lanka recognizes Omega Line as exporter of the year, Akbar Brothers top forex earner",https://economynext.com/sri-lanka-recognizes-omega-line-as-exporter-of-the-year-akbar-brothers-top-forex-earner-252904/,Emerging Exporter of the Year was Bughary Bio Spices (Private) Limited,"Fri, 12 Dec 2025 01:10:32 +0000",6.65,sri lanka recognizes omega line exporter year akbar brothers top forex earner emerging exporter year bughary bio spices private limited,3,-0.0258,0.0,-0.0258,Neutral,"transport, economic",Major Event,"Sri, Lanka, Rebuilding"
EconomyNext,UN launches $35 million appeal for Sri Lanka cyclone relief,https://economynext.com/un-launches-35-million-appeal-for-sri-lanka-cyclone-relief-252824/,.,"Thu, 11 Dec 2025 12:30:33 +0000",6.65,un launches 35 million appeal sri lanka cyclone relief,3,0.4767,-2.5,-2.0233,High Risk,weather,Major Event,"Sri, Lanka, Rebuilding"
EconomyNext,Sri Lanka to use World Bank funds to buy vehicles for health sector,https://economynext.com/sri-lanka-to-use-world-bank-funds-to-buy-vehicles-for-health-sector-252812/,"Includes 2,891 scooters for midwives and 1,350 motorbikes for public health inspectors","Thu, 11 Dec 2025 12:23:16 +0000",6.65,sri lanka use world bank funds buy vehicles health sector includes 2 891 scooters midwives 1 350 motorbikes public health inspectors,3,0.0,0.0,0.0,Neutral,"transport, health, economic, sentiment",Major Event,"Sri, Lanka, Rebuilding"
EconomyNext,"Sri Lanka rupee weaker, bond yields down",https://economynext.com/sri-lanka-rupee-weaker-bond-yields-down-252784/,Rupee weakened further,"Thu, 11 Dec 2025 11:58:04 +0000",6.65,sri lanka rupee weaker bond yields rupee weakened,3,-0.6369,0.0,-0.6369,Risk,economic,Major Event,"Sri, Lanka, Rebuilding"
EconomyNext,Sri Lanka to seek US$200mn from ADB for Mahaweli water security program,https://economynext.com/sri-lanka-to-seek-us200mn-from-adb-for-mahaweli-water-security-program-252794/,The project is estimated to cost 536.5 million US dollars.,"Thu, 11 Dec 2025 11:43:30 +0000",6.65,sri lanka seek us 200mn adb mahaweli water security program project estimated cost 536 5 million us dollars,3,0.34,0.0,0.34,Neutral,"security, economic",Major Event,"Sri, Lanka, Rebuilding"
EconomyNext,"Colombo Dockyard, construction shares push Sri Lanka stocks higher",https://economynext.com/colombo-dockyard-construction-shares-push-sri-lanka-stocks-higher-252745/,"""Speculative trading is happening in the market.""","Thu, 11 Dec 2025 11:05:06 +0000",6.65,colombo dockyard construction shares push sri lanka stocks higher speculative trading happening market,3,0.3818,0.0,0.3818,Neutral,economic,Major Event,"Sri, Lanka, Rebuilding"
EconomyNext,"Sri Lanka awards 50MW wind plants to Vidullanka, Windforce",https://economynext.com/sri-lanka-awards-50mw-wind-plants-to-vidullanka-windforce-252747/,After international competitive tender,"Thu, 11 Dec 2025 10:29:43 +0000",6.65,sri lanka awards 50mw wind plants vidullanka windforce international competitive tender,3,0.5719,0.0,0.5719,Opportunity,"weather, energy",Major Event,"Sri, Lanka, Rebuilding"
News.lk,Colombo West International Terminal (Private) Limited contributes to  ‘Rebuilding Sri Lanka’ Fund,https://news.lk/news/colombo-west-international-terminal-private-limited-contributes-to-rebuilding-sri-lanka-fund,"Colombo West International Terminal (Private) Limited (CWIT) has made a financial contribution of Rs. 100 million to the government’s Rebuilding Sri Lanka Fund, established to provide relief to communities affected by Cyclone Ditwah.","Fri, 12 Dec 2025 23:44:11 +0530",6.4,colombo west international terminal private limited contributes rebuilding sri lanka fund colombo west international terminal private limited cwit made financial contribution rs 100 million government rebuilding sri lanka fund established provide relief communities affected cyclone ditwah,3,-0.0772,3.5,3.4228,High Opportunity,"weather, sentiment",Major Event,"Sri, Lanka, Rebuilding"
News.lk,MIT and Microsoft to Support Data Collection on Damages Caused by the Cyclone,https://news.lk/news/mit-and-microsoft-to-support-data-collection-on-damages-caused-by-the-cyclone,Nations Worldwide Provide Financial and Material Support to Rebuild Sri Lanka,"Wed, 10 Dec 2025 23:32:26 +0530",6.4,mit microsoft support data collection damages caused cyclone nations worldwide provide financial material support rebuild sri lanka,3,0.3612,1.5,1.8612,Opportunity,"weather, transport",Major Event,"Sri, Lanka, Rebuilding"
News.lk,Rs. 20 Million Contribution from Sriyani Dress Point to ‘Rebuilding Sri Lanka’ Fund,https://news.lk/news/rs-20-million-contribution-from-sriyani-dress-point-to-rebuilding-sri-lanka-fund,"






Daily donations continue to be received for the Government’s ‘Rebuilding Sri Lanka’ Fund, established to provide relief to those affected by Cyclone Ditwah. Sriyani Dress Point has made a financial contribution of Rs. 20 million to the fund.","Wed, 10 Dec 2025 01:16:27 +0530",6.4,rs 20 million contribution sriyani dress point rebuilding sri lanka fund daily donations continue received government rebuilding sri lanka fund established provide relief affected cyclone ditwah sriyani dress point made financial contribution rs 20 million fund,3,0.3612,3.5,3.8612,High Opportunity,"weather, sentiment",Major Event,"Sri, Lanka, Rebuilding"
News.lk,India Extends Multi-Front Support to Sri Lanka’s Cyclone Relief Efforts,https://news.lk/news/india-extends-multi-front-support-to-sri-lankas-cyclone-relief-efforts,"India has strengthened its humanitarian support to Sri Lanka in the aftermath of Cyclone Ditwah, providing critical air assets, emergency supplies, engineering equipment and medical aid to bolster national rescue and recovery operations.","Wed, 10 Dec 2025 00:40:50 +0530",6.4,india extends multi front support sri lanka cyclone relief efforts india strengthened humanitarian support sri lanka aftermath cyclone ditwah providing critical air assets emergency supplies engineering equipment medical aid bolster national rescue recovery operations,3,0.8979,-3.0,-2.1021,High Risk,"weather, transport, health, security",Major Event,"Sri, Lanka, Rebuilding"
News.lk,We will extend every possible support to rebuild the lives of all those affected by the disaster,https://news.lk/news/we-will-extend-every-possible-support-to-rebuild-the-lives-of-all-those-affected-by-the-disaster,"The Government extends gratitude to the Tri-Forces, the Police, public officers, volunteer organisations, the public, and all foreign nations who have dedicated themselves to supporting the affected people. - Prime Minister Dr. Harini Amarasuriya","Fri, 05 Dec 2025 02:44:43 +0530",6.4,extend every possible support rebuild lives affected disaster government extends gratitude tri forces police public officers volunteer organisations public foreign nations dedicated supporting affected people prime minister dr harini amarasuriya,5,0.7783,-0.5,0.2783,Neutral,"weather, transport, security, sentiment",Normal,"Disaster, Affected, 8230"
News.lk,Management Committee of the ‘Rebuilding Sri Lanka’ Fund Appointed with Representatives from the Public and Private Sectors,https://news.lk/news/management-committee-of-the-rebuilding-sri-lanka-fund-appointed-with-representatives-from-the-public-and-private-sectors,"Cabinet approval has been granted to establish the ‘Rebuilding Sri Lanka’ Fund, aimed at rebuilding the country following the severe devastation caused by Cyclone ‘Ditwah’, one of the worst natural disasters in Sri Lanka’s recent history. The Fund is to be established as a statutory fund under the Presidential Secretariat and its Management Committee will comprise representatives from both the public and private sectors.","Tue, 02 Dec 2025 01:20:05 +0530",6.4,management committee rebuilding sri lanka fund appointed representatives public private sectors cabinet approval granted establish rebuilding sri lanka fund aimed rebuilding country following severe devastation caused cyclone ditwah one worst natural disasters sri lanka recent history fund established statutory fund presidential secretariat management committee comprise representatives public private sectors,3,-0.7579,-3.0,-3.7579000000000002,High Risk,"weather, transport, energy, sentiment",Major Event,"Sri, Lanka, Rebuilding"
News.lk,Be Vigilant About Infectious Diseases as Floodwaters Recede,https://news.lk/news/be-vigilant-about-infectious-diseases-as-floodwaters-recede,"Assistant Secretary of the National Disaster Relief Services Centre, Jayatissa Munasinghe","Mon, 01 Dec 2025 20:01:01 +0530",6.4,vigilant infectious diseases floodwaters recede assistant secretary national disaster relief services centre jayatissa munasinghe,5,-0.0772,1.5,1.4228,Opportunity,"weather, health",Normal,"Disaster, Affected, 8230"
News.lk,"Cyclone Ditva Leaves Over 830,000 Affected; 159 Dead",https://news.lk/news/cyclone-ditva-leaves-over-830-000-affected-159-dead,"Cyclone Ditva has caused widespread damage across the country. According to the Disaster Management Center, 833,985 people from 234,503 families have been affected as of 6.00 am today (30). A total of 159 deaths have been reported, and 203 people are still missing.","Sun, 30 Nov 2025 16:09:02 +0530",6.4,cyclone ditva leaves 830 000 affected 159 dead cyclone ditva caused widespread damage across country according disaster management center 833 985 people 234 503 families affected 6 00 today 30 total 159 deaths reported 203 people still missing,5,-0.9432,-10.0,-10.0,High Risk,"weather, transport, sentiment",Normal,"Disaster, Affected, 8230"
News.lk,Telephone  Numbers Issued for Reporting Disaster Situations,https://news.lk/news/telephone-numbers-issued-for-reporting-disaster-situations,Sri Lanka Police has released the telephone numbers of the operation rooms of 47 police stations across the island. The press release is given below.,"Sat, 29 Nov 2025 13:45:14 +0530",6.4,telephone numbers issued reporting disaster situations sri lanka police released telephone numbers operation rooms 47 police stations across island press release given,3,-0.6249,-4.5,-5.1249,High Risk,"weather, transport, energy, security, sentiment",Major Event,"Sri, Lanka, Rebuilding"
News.lk,India Reaffirms Strong Support to Sri Lanka in Disaster Response – PM Modi,https://news.lk/news/india-reaffirms-strong-support-to-sri-lanka-in-disaster-response-pm-modi,"Indian Prime Minister Narendra Modi has assured Sri Lanka of India’s unwavering support during times of disaster, reaffirming the country’s commitment under the Neighbourhood First Policy and Ocean Vision.","Sat, 29 Nov 2025 03:33:01 +0530",6.4,india reaffirms strong support sri lanka disaster response pm modi indian prime minister narendra modi assured sri lanka india unwavering support times disaster reaffirming country commitment neighbourhood first policy ocean vision,3,0.6808,-5.0,-4.3192,High Risk,"weather, transport, sentiment",Major Event,"Sri, Lanka, Rebuilding"
News.lk,"Develop a Structured, Scientific Rehabilitation Programme for Drug Addicts",https://news.lk/news/develop-a-structured-scientific-rehabilitation-programme-for-drug-addicts,"President instructs ‘A Nation United’ National Steering Council
President directs Ministry of Justice to formulate new laws aimed at the swift disposal of seized dangerous drugs.","Wed, 26 Nov 2025 23:39:49 +0530",6.4,develop structured scientific rehabilitation programme drug addicts president instructs nation united national steering council president directs ministry justice formulate new laws aimed swift disposal seized dangerous drugs,5,0.5994,2.0,2.5994,High Opportunity,"health, security, sentiment",Normal,"Disaster, Affected, 8230"
News.lk,Weather Forecast,https://news.lk/news/weather-forecast-5,"







A low-pressure area has formed over South Andaman Sea area. It is likely to move west-northwestwards and intensify into a depression over South-east Bay of Bengal today (24).","Mon, 24 Nov 2025 13:41:04 +0530",6.4,weather forecast low pressure area formed south andaman sea area likely move west northwestwards intensify depression south east bay bengal today 24,5,-0.7906,0.0,-0.7906,Risk,weather,Normal,"Disaster, Affected, 8230"
News.lk,Weather Forecast,https://news.lk/news/weather-forecast-4,"







Prevailing showery condition over the island is expected to continue further during the next few days.","Sun, 23 Nov 2025 13:14:12 +0530",6.4,weather forecast prevailing showery condition island expected continue next days,5,0.0,0.0,0.0,Neutral,weather,Normal,"Disaster, Affected, 8230"
Onlanka.com,Sri Lankan President orders swift livelihood restoration for disaster-hit communities,https://www.onlanka.com/news/sri-lankan-president-orders-swift-livelihood-restoration-for-disaster-hit-communities.html,"Sri Lankan President Anura Kumara Dissanayake has instructed officials to give top priority to restoring the livelihoods of communities affected by the disaster.
The post Sri Lankan President orders swift livelihood restoration for disaster-hit communities appeared first on Sri Lanka News | Breaking News &amp; Top Stories in Sri Lanka | ONLANKA.","Sat, 13 Dec 2025 13:44:05 +0000",6.45,sri lankan president orders swift livelihood restoration disaster hit communities sri lankan president anura kumara dissanayake instructed officials give top priority restoring livelihoods communities affected disaster post sri lankan president orders swift livelihood restoration disaster hit communities appeared first sri lanka news breaking news amp top stories sri lanka onlanka,3,-0.6124,-7.5,-8.112400000000001,High Risk,"weather, sentiment",Major Event,"Sri, Lanka, Rebuilding"
Onlanka.com,Sri Lanka receives over USD 7 Billion in remittances in 2025,https://www.onlanka.com/news/sri-lanka-receives-over-usd-7-billion-in-remittances-in-2025.html,"The Central Bank of Sri Lanka has reported that the total remittances sent to the country from overseas employment have surpassed USD 7 billion in 2025.
The post Sri Lanka receives over USD 7 Billion in remittances in 2025 appeared first on Sri Lanka News | Breaking News &amp; Top Stories in Sri Lanka | ONLANKA.","Sat, 13 Dec 2025 05:55:45 +0000",6.45,sri lanka receives usd 7 billion remittances 2025 central bank sri lanka reported total remittances sent country overseas employment surpassed usd 7 billion 2025 post sri lanka receives usd 7 billion remittances 2025 appeared first sri lanka news breaking news amp top stories sri lanka onlanka,3,0.2023,2.0,2.2023,High Opportunity,"transport, energy, economic",Major Event,"Sri, Lanka, Rebuilding"
Onlanka.com,Sri Lanka Parliament summoned to meet on December 18,https://www.onlanka.com/news/sri-lanka-parliament-summoned-to-meet-on-december-18.html,"An Extraordinary Gazette has been issued announcing that the Parliament of Sri Lanka will be summoned to meet on December 18, 2025, at 9:30 a.m.
The post Sri Lanka Parliament summoned to meet on December 18 appeared first on Sri Lanka News | Breaking News &amp; Top Stories in Sri Lanka | ONLANKA.","Sat, 13 Dec 2025 04:00:01 +0000",6.45,sri lanka parliament summoned meet december 18 extraordinary gazette issued announcing parliament sri lanka summoned meet december 18 2025 9 30 post sri lanka parliament summoned meet december 18 appeared first sri lanka news breaking news amp top stories sri lanka onlanka,3,0.2023,0.0,0.2023,Neutral,sentiment,Major Event,"Sri, Lanka, Rebuilding"
Onlanka.com,Sri Lanka and Italy renew agreement on mutual recognition of driving licenses,https://www.onlanka.com/news/sri-lanka-and-italy-renew-agreement-on-mutual-recognition-of-driving-licenses.html,"The Government of Sri Lanka and the Government of Italy renewed the Bilateral Agreement for the Mutual Recognition of Driving Licenses on December 12, 2025, in Rome, Italy.
The post Sri Lanka and Italy renew agreement on mutual recognition of driving licenses appeared first on Sri Lanka News | Breaking News &amp; Top Stories in Sri Lanka | ONLANKA.","Sat, 13 Dec 2025 03:30:25 +0000",6.45,sri lanka italy renew agreement mutual recognition driving licenses government sri lanka government italy renewed bilateral agreement mutual recognition driving licenses december 12 2025 rome italy post sri lanka italy renew agreement mutual recognition driving licenses appeared first sri lanka news breaking news amp top stories sri lanka onlanka,3,0.886,10.0,10.0,High Opportunity,sentiment,Major Event,"Sri, Lanka, Rebuilding"
Onlanka.com,Asoka Ranwala granted bail,https://www.onlanka.com/news/asoka-ranwala-granted-bail.html,"Former Speaker and National People’s Power Member of Parliament Asoka Ranwala, who was arrested over a vehicle accident in Sapugaskanda last night (December 11), was granted bail this evening (December 12).
The post Asoka Ranwala granted bail appeared first on Sri Lanka News | Breaking News &amp; Top Stories in Sri Lanka | ONLANKA.","Fri, 12 Dec 2025 13:26:43 +0000",6.45,asoka ranwala granted bail former speaker national people power member parliament asoka ranwala arrested vehicle accident sapugaskanda last night december 11 granted bail evening december 12 post asoka ranwala granted bail appeared first sri lanka news breaking news amp top stories sri lanka onlanka,3,-0.1027,1.5,1.3973,Opportunity,"transport, energy, security, sentiment",Major Event,"Sri, Lanka, Rebuilding"
Onlanka.com,MP Asoka Ranwala arrested for reckless driving,https://www.onlanka.com/news/mp-asoka-ranwala-arrested-for-reckless-driving.html,"Former Speaker and National People’s Power Member of Parliament Asoka Ranwala has been arrested today (December 12) in connection with an accident that occurred in Sapugaskanda last night (December 11).
The post MP Asoka Ranwala arrested for reckless driving appeared first on Sri Lanka News | Breaking News &amp; Top Stories in Sri Lanka | ONLANKA.","Fri, 12 Dec 2025 08:27:49 +0000",6.45,mp asoka ranwala arrested reckless driving former speaker national people power member parliament asoka ranwala arrested today december 12 connection accident occurred sapugaskanda last night december 11 post mp asoka ranwala arrested reckless driving appeared first sri lanka news breaking news amp top stories sri lanka onlanka,3,-0.9432,-4.5,-5.4432,High Risk,"transport, energy, security, sentiment",Major Event,"Sri, Lanka, Rebuilding"
Onlanka.com,ADB approves $200 Million loan to boost Sri Lanka’s Mahaweli Development Program,https://www.onlanka.com/news/adb-approves-200-million-loan-to-boost-sri-lankas-mahaweli-development-program.html,"The Asian Development Bank (ADB) has approved a $200 million loan to support Sri Lanka’s Mahaweli Development Program, the country’s largest multiuse water resources initiative.
The post ADB approves $200 Million loan to boost Sri Lanka&#8217;s Mahaweli Development Program appeared first on Sri Lanka News | Breaking News &amp; Top Stories in Sri Lanka | ONLANKA.","Fri, 12 Dec 2025 06:30:19 +0000",6.45,adb approves 200 million loan boost sri lanka mahaweli development program asian development bank adb approved 200 million loan support sri lanka mahaweli development program country largest multiuse water resources initiative post adb approves 200 million loan boost sri lanka 8217 mahaweli development program appeared first sri lanka news breaking news amp top stories sri lanka onlanka,3,0.9442,10.0,10.0,High Opportunity,"transport, economic, sentiment",Major Event,"Sri, Lanka, Rebuilding"
Onlanka.com,Sri Lankan companies donate generously to “Rebuilding Sri Lanka” fund for Cyclone Ditwah relief,https://www.onlanka.com/news/sri-lankan-companies-donate-generously-to-rebuilding-sri-lanka-fund-for-cyclone-ditwah-relief.html,"Several Sri Lankan companies and organizations have made significant donations to the government’s “Rebuilding Sri Lanka” Fund, set up to help communities affected by Cyclone Ditwah.
The post Sri Lankan companies donate generously to &#8220;Rebuilding Sri Lanka&#8221; fund for Cyclone Ditwah relief appeared first on Sri Lanka News | Breaking News &amp; Top Stories in Sri Lanka | ONLANKA.","Fri, 12 Dec 2025 05:17:33 +0000",6.45,sri lankan companies donate generously rebuilding sri lanka fund cyclone ditwah relief several sri lankan companies organizations made significant donations government rebuilding sri lanka fund set help communities affected cyclone ditwah post sri lankan companies donate generously 8220 rebuilding sri lanka 8221 fund cyclone ditwah relief appeared first sri lanka news breaking news amp top stories sri lanka onlanka,3,0.9382,-3.5,-2.5618,High Risk,"weather, sentiment",Major Event,"Sri, Lanka, Rebuilding"
Onlanka.com,Court orders re-issuance of warrants in Central Bank bond scam case,https://www.onlanka.com/news/court-orders-re-issuance-of-warrants-in-central-bank-bond-scam-case.html,"The Colombo Magistrate’s Court has directed the Criminal Investigation Department (CID) to re-issue open warrants for the arrest and production of former Central Bank Governor Arjuna Mahendran and Ajahn Gardier Punchihewa in connection with the Central Bank bond scam.
The post Court orders re-issuance of warrants in Central Bank bond scam case appeared first on Sri Lanka News | Breaking News &amp; Top Stories in Sri Lanka | ONLANKA.","Fri, 12 Dec 2025 04:50:21 +0000",6.45,court orders issuance warrants central bank bond scam case colombo magistrate court directed criminal investigation department cid issue open warrants arrest production former central bank governor arjuna mahendran ajahn gardier punchihewa connection central bank bond scam post court orders issuance warrants central bank bond scam case appeared first sri lanka news breaking news amp top stories sri lanka onlanka,1,-0.9442,-4.5,-5.4442,High Risk,"security, economic, sentiment",Normal,"Police, Rs, Arrested"
Onlanka.com,"Two Police Officers arrested over Rs. 5,000 bribe demand",https://www.onlanka.com/news/two-police-officers-arrested-over-rs-5000-bribe-demand.html,"A police constable and a police sergeant were taken into custody by the Commission to Investigate Allegations of Bribery or Corruption (CIABOC) yesterday (December 11) morning over allegations of bribery, after demanding a sum of Rs. 5,000.
The post Two Police Officers arrested over Rs. 5,000 bribe demand appeared first on Sri Lanka News | Breaking News &amp; Top Stories in Sri Lanka | ONLANKA.","Fri, 12 Dec 2025 04:25:15 +0000",6.45,two police officers arrested rs 5 000 bribe demand police constable police sergeant taken custody commission investigate allegations bribery corruption ciaboc yesterday december 11 morning allegations bribery demanding sum rs 5 000 post two police officers arrested rs 5 000 bribe demand appeared first sri lanka news breaking news amp top stories sri lanka onlanka,1,-0.872,-9.0,-9.872,High Risk,"security, sentiment",Normal,"Police, Rs, Arrested"
Onlanka.com,MP Asoka Ranwala hospitalised following road accident in Sapugaskanda,https://www.onlanka.com/news/mp-asoka-ranwala-hospitalised-following-road-accident-in-sapugaskanda.html,"A road accident involving a jeep driven by former Speaker and Member of Parliament Asoka Ranwala occurred yesterday afternoon (December 11) in the Denimulla area of Sapugaskanda.
The post MP Asoka Ranwala hospitalised following road accident in Sapugaskanda appeared first on Sri Lanka News | Breaking News &amp; Top Stories in Sri Lanka | ONLANKA.","Fri, 12 Dec 2025 01:30:29 +0000",6.45,mp asoka ranwala hospitalised following road accident sapugaskanda road accident involving jeep driven former speaker member parliament asoka ranwala occurred yesterday afternoon december 11 denimulla area sapugaskanda post mp asoka ranwala hospitalised following road accident sapugaskanda appeared first sri lanka news breaking news amp top stories sri lanka onlanka,3,-0.8176,-10.0,-10.0,High Risk,"transport, energy, health, security, sentiment",Major Event,"Sri, Lanka, Rebuilding"
Onlanka.com,United States pledges full support for Sri Lanka’s rebuilding,https://www.onlanka.com/news/united-states-pledges-full-support-for-sri-lankas-rebuilding.html,"The United States has expressed its full support for Sri Lanka’s rebuilding efforts under the leadership of President Anura Kumara Dissanayake.
The post United States pledges full support for Sri Lanka&#8217;s rebuilding appeared first on Sri Lanka News | Breaking News &amp; Top Stories in Sri Lanka | ONLANKA.","Thu, 11 Dec 2025 13:11:56 +0000",6.45,united states pledges full support sri lanka rebuilding united states expressed full support sri lanka rebuilding efforts leadership president anura kumara dissanayake post united states pledges full support sri lanka 8217 rebuilding appeared first sri lanka news breaking news amp top stories sri lanka onlanka,3,0.946,10.0,10.0,High Opportunity,"transport, sentiment",Major Event,"Sri, Lanka, Rebuilding"
Onlanka.com,Sri Lanka PM calls for structured data collection to aid post-disaster recovery,https://www.onlanka.com/news/sri-lanka-pm-calls-for-structured-data-collection-to-aid-post-disaster-recovery.html,"Sri Lanka Prime Minister Dr. Harini Amarasuriya emphasized the importance of accurate data in Sri Lanka’s post-disaster recovery process and called for a structured mechanism that includes public participation for effective data collection.
The post Sri Lanka PM calls for structured data collection to aid post-disaster recovery appeared first on Sri Lanka News | Breaking News &amp; Top Stories in Sri Lanka | ONLANKA.","Thu, 11 Dec 2025 06:41:59 +0000",6.45,sri lanka pm calls structured data collection aid post disaster recovery sri lanka prime minister dr harini amarasuriya emphasized importance accurate data sri lanka post disaster recovery process called structured mechanism includes public participation effective data collection post sri lanka pm calls structured data collection aid post disaster recovery appeared first sri lanka news breaking news amp top stories sri lanka onlanka,3,-0.7845,5.5,4.7155000000000005,High Opportunity,"weather, transport, economic, sentiment",Major Event,"Sri, Lanka, Rebuilding"
Onlanka.com,Nalanda College OBA donates flood relief to Defence Ministry,https://www.onlanka.com/news/nalanda-college-oba-donates-flood-relief-to-defence-ministry.html,"Past students of Nalanda College, Colombo, officially handed over a consignment of flood relief goods to the Ministry of Defence yesterday (December 10).
The post Nalanda College OBA donates flood relief to Defence Ministry appeared first on Sri Lanka News | Breaking News &amp; Top Stories in Sri Lanka | ONLANKA.","Thu, 11 Dec 2025 04:20:26 +0000",6.45,nalanda college oba donates flood relief defence ministry past students nalanda college colombo officially handed consignment flood relief goods ministry defence yesterday december 10 post nalanda college oba donates flood relief defence ministry appeared first sri lanka news breaking news amp top stories sri lanka onlanka,3,0.9062,-7.5,-6.5938,High Risk,weather,Major Event,"Sri, Lanka, Rebuilding"
Onlanka.com,Excise officer arrested for allegedly seeking Rs. 2 Million bribe,https://www.onlanka.com/news/excise-officer-arrested-for-allegedly-seeking-rs-2-million-bribe.html,"An Excise Sergeant attached to the Narcotics Bureau of the Excise Department has been arrested by the Commission to Investigate Allegations of Bribery or Corruption (CIABOC) for allegedly asking for a bribe of Rs. 2 million.
The post Excise officer arrested for allegedly seeking Rs. 2 Million bribe appeared first on Sri Lanka News | Breaking News &amp; Top Stories in Sri Lanka | ONLANKA.","Thu, 11 Dec 2025 04:08:13 +0000",6.45,excise officer arrested allegedly seeking rs 2 million bribe excise sergeant attached narcotics bureau excise department arrested commission investigate allegations bribery corruption ciaboc allegedly asking bribe rs 2 million post excise officer arrested allegedly seeking rs 2 million bribe appeared first sri lanka news breaking news amp top stories sri lanka onlanka,1,-0.8979,-6.0,-6.8979,High Risk,security,Normal,"Police, Rs, Arrested"
Onlanka.com,Five suspects arrested in Dehiwala over planned retaliatory killing,https://www.onlanka.com/news/five-suspects-arrested-in-dehiwala-over-planned-retaliatory-killing.html,"Sri Lanka Police have arrested five suspects who allegedly planned to carry out a retaliatory murder within the Dehiwala Police Division.
The post Five suspects arrested in Dehiwala over planned retaliatory killing appeared first on Sri Lanka News | Breaking News &amp; Top Stories in Sri Lanka | ONLANKA.","Thu, 11 Dec 2025 02:40:59 +0000",6.45,five suspects arrested dehiwala planned retaliatory killing sri lanka police arrested five suspects allegedly planned carry retaliatory murder within dehiwala police division post five suspects arrested dehiwala planned retaliatory killing appeared first sri lanka news breaking news amp top stories sri lanka onlanka,1,-0.9821,-4.5,-5.4821,High Risk,security,Normal,"Police, Rs, Arrested"
LankaBusinessOnline,Small Investors For Polytunnel Agriculture in the Northern Province,https://www.lankabusinessonline.com/small-investors-for-small-polytunnel-agriculture-in-the-northern-province/,"By Jekhan Aruliah Nirojan comes from a family of farmers. Born in 1990, his parents farmed two acres of banana and chillies in Killinochchi. Like hundreds of thousands of others during the Sri Lankan Civil War they became IDPs (IDP, Internally Displaced Persons, refugees in their own country). Streams of people fleeing first from their [&#8230;]","Thu, 11 Dec 2025 04:35:58 +0000",6.92,small investors polytunnel agriculture northern province jekhan aruliah nirojan comes family farmers born 1990 parents farmed two acres banana chillies killinochchi like hundreds thousands others sri lankan civil war became idps idp internally displaced persons refugees country streams people fleeing first 8230,3,-0.34,-4.5,-4.84,High Risk,"transport, sentiment",Major Event,"Sri, Lanka, Rebuilding"
LankaBusinessOnline,Rebuilding Housing Post-Ditwah: Lessons from Sri Lanka’s Tsunami Experience,https://www.lankabusinessonline.com/rebuilding-housing-post-ditwah-lessons-from-sri-lankas-tsunami-experience/,"By Dr Nisha Arunatilake, Director of Research, Institute of Policy Studies of Sri Lanka (IPS) The Ditwah Cyclone ranks second only to the December 2004 Tsunami in terms of damage to housing in Sri Lanka's recent history. According to the government's Disaster Management Centre, as of 9th&#160; December 2025, 86,488 houses were partially or fully [&#8230;]","Thu, 11 Dec 2025 04:29:31 +0000",6.92,rebuilding housing post ditwah lessons sri lanka tsunami experience dr nisha arunatilake director research institute policy studies sri lanka ips ditwah cyclone ranks second december 2004 tsunami terms damage housing sri lanka recent history according government disaster management centre 9th 160 december 2025 86 488 houses partially fully 8230,3,-0.872,-10.0,-10.0,High Risk,"weather, sentiment",Major Event,"Sri, Lanka, Rebuilding"
LankaBusinessOnline,SEC Alert: Gladius South Asia is not licensed by SEC or registered with Financial Conduct Authority in UK,https://www.lankabusinessonline.com/sec-alert-gladius-south-asia-is-not-licensed-by-sec-or-registered-with-financial-conduct-authority-in-uk/,"The Securities and Exchange Commission of Sri Lanka (SEC) wishes to inform the public that Gladius South Asia is unauthorized to act as a Market Participant in Sri Lanka. The SEC confirms that this entity is not licensed by them. Furthermore, the SEC has received official confirmation from the Financial Conduct Authority (FCA) that Gladius [&#8230;]","Thu, 11 Dec 2025 04:14:26 +0000",6.92,sec alert gladius south asia licensed sec registered financial conduct authority uk securities exchange commission sri lanka sec wishes inform public gladius south asia unauthorized act market participant sri lanka sec confirms entity licensed furthermore sec received official confirmation financial conduct authority fca gladius 8230,3,0.6808,0.0,0.6808,Opportunity,"weather, economic, sentiment",Major Event,"Sri, Lanka, Rebuilding"
LankaBusinessOnline,Opinion: Will the Response to Ditwah be Worse than the Disaster?,https://www.lankabusinessonline.com/opinion-will-the-response-to-ditwah-be-worse-than-the-disaster/,"By M. Rizwan Muzzammil The Parable of the Broken Window In 1850, the French economist Frederic Bastiat penned “The Parable of the Broken Window.” A boy breaks a shop window, and a glazier is paid six francs to repair it. Onlookers muse that such accidents are good for trade, as they keep windowmakers in business. [&#8230;]","Mon, 08 Dec 2025 10:33:35 +0000",6.92,opinion response ditwah worse disaster rizwan muzzammil parable broken window 1850 french economist frederic bastiat penned parable broken window boy breaks shop window glazier paid six francs repair onlookers muse accidents good trade keep windowmakers business 8230,5,-0.9153,-2.5,-3.4153000000000002,High Risk,"weather, transport, security, economic",Normal,"Disaster, Affected, 8230"
LankaBusinessOnline,"Economic, fiscal & credit impact of disaster likely most material for Sri Lanka: Moody’s Ratings",https://www.lankabusinessonline.com/economic-fiscal-credit-impact-of-disaster-likely-most-material-for-sri-lanka-moodys-ratings/,"According to Moody’s Ratings, South and Southeast Asian countries have been severely impacted by several tropical cyclones and unusually heavy monsoon rains since mid-November, leading to widespread flooding and landslides and the tragic loss of hundreds of lives. Moody's assesses that the economic, fiscal, and credit impact of this disaster is likely to be most [&#8230;]","Mon, 08 Dec 2025 09:42:49 +0000",6.92,economic fiscal credit impact disaster likely material sri lanka moody ratings according moody ratings south southeast asian countries severely impacted several tropical cyclones unusually heavy monsoon rains since mid november leading widespread flooding landslides tragic loss hundreds lives moody assesses economic fiscal credit impact disaster likely 8230,3,-0.9571,-10.0,-10.0,High Risk,"weather, economic",Major Event,"Sri, Lanka, Rebuilding"
LankaBusinessOnline,EDB Launches Fast-Track Relief to Support Exporters Affected by Adverse Weather,https://www.lankabusinessonline.com/edb-launches-fast-track-relief-to-support-exporters-affected-by-adverse-weather/,"&#160;The Export Development Board (EDB) has launched a rapid relief and recovery program following the severe impact of adverse weather conditions on Sri Lanka's export sector. A discussion meeting was held recently at the EDB premises, with the participation of Secretary to the Ministry of Industry and Entrepreneurship Development Mrs. Tilaka Jayasundara, EDB Chairman and [&#8230;]","Mon, 08 Dec 2025 08:27:34 +0000",6.92,edb launches fast track relief support exporters affected adverse weather 160 export development board edb launched rapid relief recovery program following severe impact adverse weather conditions sri lanka export sector discussion meeting held recently edb premises participation secretary ministry industry entrepreneurship development mrs tilaka jayasundara edb chairman 8230,5,0.296,10.0,10.0,High Opportunity,"weather, transport, economic, sentiment",Normal,"Disaster, Affected, 8230"
LankaBusinessOnline,Hambantota International Port Remains Fully Operational Despite Extreme Weather,https://www.lankabusinessonline.com/hambantota-international-port-remains-fully-operational-despite-extreme-weather/,"As Sri Lanka experiences one of the worst flood situations recorded in its history, which has crippled national infrastructure and forced operations to suspend at the Port of Colombo, Hambantota International Port (HIP) has remained fully operational, reinforcing its strategic importance as the country’s second major commercial hub. Although Hambantota also faced heavy rains, it [&#8230;]","Sun, 07 Dec 2025 07:23:10 +0000",6.92,hambantota international port remains fully operational despite extreme weather sri lanka experiences one worst flood situations recorded history crippled national infrastructure forced operations suspend port colombo hambantota international port hip remained fully operational reinforcing strategic importance country second major commercial hub although hambantota also faced heavy rains 8230,3,-0.7845,-4.5,-5.2844999999999995,High Risk,"weather, transport, security, economic, sentiment",Major Event,"Sri, Lanka, Rebuilding"
LankaBusinessOnline,Relief Measures to Assist Businesses affected by Recent Disasters by Banks,https://www.lankabusinessonline.com/relief-measures-to-assist-businesses-affected-by-recent-disasters-by-banks/,"The Central Bank of Sri Lanka (CBSL), in view of the adverse effects of the recent cyclonic and flood disasters, having considered the proposals of the Sri Lanka Banks’ Association (Guarantee) Ltd. (SLBA) and the need to grant effective relief to those affected without unduly compromising financial system stability, issued the Circular No. 04 of [&#8230;]","Fri, 05 Dec 2025 20:15:44 +0000",6.92,relief measures assist businesses affected recent disasters banks central bank sri lanka cbsl view adverse effects recent cyclonic flood disasters considered proposals sri lanka banks association guarantee ltd slba need grant effective relief affected without unduly compromising financial system stability issued circular 04 8230,5,0.2263,3.5,3.7263,High Opportunity,"weather, transport, economic, sentiment",Normal,"Disaster, Affected, 8230"
LankaBusinessOnline,IMF Considers USD 200 Mn Emergency Aid for Cyclone-Hit Sri Lanka,https://www.lankabusinessonline.com/imf-considers-usd-200-mn-emergency-aid-for-cyclone-hit-sri-lanka/,"International Monetary Fund (IMF) Mission Chief for Sri Lanka, Evan Papageorgiou, issued a statement today addressing the impact of Cyclone Ditwah and the resulting financial request from the Sri Lankan government. He began by extending the IMF's sympathies to the population profoundly affected by the natural disaster: ""In the wake of the devastating impact and [&#8230;]","Fri, 05 Dec 2025 16:30:52 +0000",6.92,imf considers usd 200 mn emergency aid cyclone hit sri lanka international monetary fund imf mission chief sri lanka evan papageorgiou issued statement today addressing impact cyclone ditwah resulting financial request sri lankan government began extending imf sympathies population profoundly affected natural disaster wake devastating impact 8230,3,-0.8779,-10.0,-10.0,High Risk,"weather, health, economic, sentiment",Major Event,"Sri, Lanka, Rebuilding"
LankaBusinessOnline,IMF Exploring Options for Further Support to Sri Lanka’s Recovery After Cyclone Devastation,https://www.lankabusinessonline.com/imf-exploring-options-for-further-support-to-sri-lankas-recovery-after-cyclone-devastation/,"The International Monetary Fund (IMF) is actively investigating options to further support Sri Lanka in the recovery process following the devastating cyclone and widespread flooding. This commitment comes as the IMF continues to back Sri Lanka's reform efforts under the Extended Fund Facility (EFF) arrangement. The IMF's Director of Communications, Julie Kozack, conveyed the institution's [&#8230;]","Fri, 05 Dec 2025 06:44:15 +0000",6.92,imf exploring options support sri lanka recovery cyclone devastation international monetary fund imf actively investigating options support sri lanka recovery process following devastating cyclone widespread flooding commitment comes imf continues back sri lanka reform efforts extended fund facility eff arrangement imf director communications julie kozack conveyed institution 8230,3,0.296,-1.5,-1.204,Risk,"weather, transport, energy, economic",Major Event,"Sri, Lanka, Rebuilding"
Dinamina,දර්ශනීයම උල්කාපාත වර්ෂාවක් අද : දැකගත හැකි වෙලාව මෙන්න,https://www.dinamina.lk/2025/12/13/local/247428/%e0%b6%af%e0%b6%bb%e0%b7%8a%e0%b7%81%e0%b6%b1%e0%b7%93%e0%b6%ba%e0%b6%b8-%e0%b6%8b%e0%b6%bd%e0%b7%8a%e0%b6%9a%e0%b7%8f%e0%b6%b4%e0%b7%8f%e0%b6%ad-%e0%b7%80%e0%b6%bb%e0%b7%8a%e0%b7%82%e0%b7%8f-2/,"වසරේ දර්ශනීයම උල්කාපාත වර්ෂාව ලෙස හදුන්වන ජෙමිනික්ස් උල්කාපාත වර්ෂාව අද (13) රාත්‍රියේදී දැකගැනීමට හැකි බව තාරකා විද්‍යාඥ ගිහාන් වීරසේකර මහතා පවසයි. එම&#8230;
The post දර්ශනීයම උල්කාපාත වර්ෂාවක් අද : දැකගත හැකි වෙලාව මෙන්න appeared first on දිනමිණ.","Sat, 13 Dec 2025 16:25:28 +0000",5.9,13 8230 post appeared first,4,0.0,0.0,0.0,Neutral,general,Normal,"Post, Appeared, 8230"
Dinamina,ඉන්දියාවේ හදපු අඩි 70ක් උස මෙසීගේ ප්‍රතිමාව නිරාවරණය කරයි,https://www.dinamina.lk/2025/12/13/foreign/247425/%e0%b6%89%e0%b6%b1%e0%b7%8a%e0%b6%af%e0%b7%92%e0%b6%ba%e0%b7%8f%e0%b7%80%e0%b7%9a-%e0%b7%84%e0%b6%af%e0%b6%b4%e0%b7%94-%e0%b6%85%e0%b6%a9%e0%b7%92-70%e0%b6%9a%e0%b7%8a-%e0%b6%8b%e0%b7%83-%e0%b6%b8/,"සුපිරි පාපන්දු ක්‍රීඩක ලයනල් මෙසී සිය ඉන්දීය සංචාරයට සමගාමීව කොල්කටාවේ සෝල්ට් ලේක් ක්‍රීඩාංගණයේ පිහිටි අඩි 70ක් උස සිය ප්‍රතිමාව දුරස්ථ තාක්ෂණයෙන් නිරාවරණය&#8230;
The post ඉන්දියාවේ හදපු අඩි 70ක් උස මෙසීගේ ප්‍රතිමාව නිරාවරණය කරයි appeared first on දිනමිණ.","Sat, 13 Dec 2025 16:23:18 +0000",5.9,70 70 8230 post 70 appeared first,4,0.0,0.0,0.0,Neutral,general,Normal,"Post, Appeared, 8230"
Dinamina,ආපදාවට පත්  ජන ජීවිතය යථාවත් කිරීම වෙනුවෙන් මානුෂීය අධාර හා ආපදා සහන සැලසීම සඳහා නාවික හමුදාවේ අඛණ්ඩ සහය,https://www.dinamina.lk/2025/12/13/local/247417/%e0%b6%86%e0%b6%b4%e0%b6%af%e0%b7%8f%e0%b7%80%e0%b6%a7-%e0%b6%b4%e0%b6%ad%e0%b7%8a-%e0%b6%a2%e0%b6%b1-%e0%b6%a2%e0%b7%93%e0%b7%80%e0%b7%92%e0%b6%ad%e0%b6%ba-%e0%b6%ba%e0%b6%ae%e0%b7%8f%e0%b7%80/,"අයහපත් කාලගුණය හේතුවෙන් ආපදාවට පත් ජන ජීවිතය යතාවත් කිරීම වෙනුවෙන් මානුෂීය ආධාර සහ ආපදා සහන සැලසීම ඇතුළු අත්‍යාවශ්‍ය සේවා සැපයීම වෙනුවෙන් නාවික&#8230;
The post ආපදාවට පත්  ජන ජීවිතය යථාවත් කිරීම වෙනුවෙන් මානුෂීය අධාර හා ආපදා සහන සැලසීම සඳහා නාවික හමුදාවේ අඛණ්ඩ සහය appeared first on දිනමිණ.","Sat, 13 Dec 2025 16:10:59 +0000",5.9,8230 post appeared first,4,0.0,0.0,0.0,Neutral,general,Normal,"Post, Appeared, 8230"
Dinamina,‘ධීවර ජනතාවගේ අයිතිවාසිකම් උල්ලංඝනය වීමට කිසිවිටෙකත් ඉඩ තබන්නේ නැහැ’ – ජනපති,https://www.dinamina.lk/2025/12/13/breaking-news/247415/%e0%b6%b0%e0%b7%93%e0%b7%80%e0%b6%bb-%e0%b6%a2%e0%b6%b1%e0%b6%ad%e0%b7%8f%e0%b7%80%e0%b6%9c%e0%b7%9a-%e0%b6%85%e0%b6%ba%e0%b7%92%e0%b6%ad%e0%b7%92%e0%b7%80%e0%b7%8f%e0%b7%83%e0%b7%92%e0%b6%9a/,"ධීවර ජනතාවගේ අයිතිවාසිකම් උල්ලංඝනය වීමට කිසිවිටෙකත් ඉඩ නොතබන බවත්, ගොඩබිම සහ මුහුදු තීරයද රැකගත යුතුයි යන දැඩි ස්ථාවරත්වයේ රජය කටයුතු කරන බවත්&#8230;
The post &#8216;ධීවර ජනතාවගේ අයිතිවාසිකම් උල්ලංඝනය වීමට කිසිවිටෙකත් ඉඩ තබන්නේ නැහැ&#8217; &#8211; ජනපති appeared first on දිනමිණ.","Sat, 13 Dec 2025 16:06:51 +0000",5.9,8230 post 8216 8217 8211 appeared first,4,0.0,0.0,0.0,Neutral,general,Normal,"Post, Appeared, 8230"
Dinamina,‘වගා හානි සඳහා වන්දි ගෙවීම් දෙසැම්බර් 25ට පෙර අවසන් කරන්න’ – ජනපති,https://www.dinamina.lk/2025/12/13/breaking-news/247412/%e0%b7%80%e0%b6%9c%e0%b7%8f-%e0%b7%84%e0%b7%8f%e0%b6%b1%e0%b7%92-%e0%b7%83%e0%b6%b3%e0%b7%84%e0%b7%8f-%e0%b7%80%e0%b6%b1%e0%b7%8a%e0%b6%af%e0%b7%92-%e0%b6%9c%e0%b7%99%e0%b7%80%e0%b7%93%e0%b6%b8/,"ව්‍යසනය හමුවේ බිඳ වැටුණු ජනතාවගේ ජීවනෝපායමාර්ග යළි ගොඩනඟා දීමට ප්‍රමුඛතාව ලබා දිය යුතු බවත්, හානි සඳහා වන්දි ගෙවීම් කඩිනම් කර කෘෂි, ධීවර&#8230;
The post &#8216;වගා හානි සඳහා වන්දි ගෙවීම් දෙසැම්බර් 25ට පෙර අවසන් කරන්න&#8217; &#8211; ජනපති appeared first on දිනමිණ.","Sat, 13 Dec 2025 15:59:13 +0000",5.9,25 8230 post 8216 25 8217 8211 appeared first,4,0.0,0.0,0.0,Neutral,general,Normal,"Post, Appeared, 8230"
Dinamina,‘Rebuilding Sri Lanka’ අරමුදලට පොළොන්නරුව Lakbima Rice Mills (Pvt) Ltd වෙතින් මූල්‍යමය පරිත්‍යාගයක්,https://www.dinamina.lk/2025/12/13/local/247402/rebuilding-sri-lanka-%e0%b6%85%e0%b6%bb%e0%b6%b8%e0%b7%94%e0%b6%af%e0%b6%bd%e0%b6%a7-%e0%b6%b4%e0%b7%9c%e0%b7%85%e0%b7%9c%e0%b6%b1%e0%b7%8a%e0%b6%b1%e0%b6%bb%e0%b7%94%e0%b7%80-lakbim/,"දිට්වා සුළි කුණාටුවෙන් විපතට පත් ජනතාවට සහන සැලසීමේ රජයේ ‘Rebuilding Sri Lanka’ අරමුදලට පොළොන්නරුව Lakbima Rice Mills (pvt) Ltd වෙතින් රුපියල් මිලියන&#8230;
The post ‘Rebuilding Sri Lanka’ අරමුදලට පොළොන්නරුව Lakbima Rice Mills (Pvt) Ltd වෙතින් මූල්‍යමය පරිත්‍යාගයක් appeared first on දිනමිණ.","Sat, 13 Dec 2025 09:25:30 +0000",5.9,rebuilding sri lanka lakbima rice mills pvt ltd rebuilding sri lanka lakbima rice mills pvt ltd 8230 post rebuilding sri lanka lakbima rice mills pvt ltd appeared first,3,0.0,6.0,6.0,High Opportunity,general,Major Event,"Sri, Lanka, Rebuilding"
Dinamina,ප්‍රබල අකුණු පිළිබඳ  කාලගුණයෙන් අවවාදාත්මක නිවේදනයක්,https://www.dinamina.lk/2025/12/13/local/247400/%e0%b6%b4%e0%b7%8a%e0%b6%bb%e0%b6%b6%e0%b6%bd-%e0%b6%85%e0%b6%9a%e0%b7%94%e0%b6%ab%e0%b7%94-%e0%b6%b4%e0%b7%92%e0%b7%85%e0%b7%92%e0%b6%b6%e0%b6%b3-%e0%b6%9a%e0%b7%8f%e0%b6%bd%e0%b6%9c-2/,"ප්‍රබල අකුණු පිළිබඳව අවවාදාත්මක නිවේදනයක් කාලගුණ විද්‍යා දෙපාර්තමේන්තුව විසින් අද (13) දහවල් 12.30ට නිකුත් කර තිබේ. එම නිවේදනය රාත්‍රී 11.00 දක්වා වලංගු&#8230;
The post ප්‍රබල අකුණු පිළිබඳ  කාලගුණයෙන් අවවාදාත්මක නිවේදනයක් appeared first on දිනමිණ.","Sat, 13 Dec 2025 09:22:41 +0000",5.9,13 12 30 11 00 8230 post appeared first,4,0.0,0.0,0.0,Neutral,general,Normal,"Post, Appeared, 8230"
Silumina,සාමාන්‍ය ‌සේවා,https://www.silumina.lk/2025/12/13/classifieds/53698/%e0%b7%83%e0%b7%8f%e0%b6%b8%e0%b7%8f%e0%b6%b1%e0%b7%8a%e0%b6%ba-%e0%b7%83%e0%b7%9a%e0%b7%80%e0%b7%8f-114/,"විවිධ තුවක්කු සහ පතරොම් W. තෝමස් සහ පුත්‍රයෝ වායු­තු­වක්කු ආන­ය­නය සහ නිෂ්පා­ද­නය,​ වෘත්තී­ය­වේදී පත­රොම් තුවක්කු අලු­ත්වැ­ඩියා කිරීම සහ දේශීය ගොවීන්ගේ අවශ්‍යතාවය පරිදි දේශී­යව නිප­ද­වන ඉස්ත­රම්ම වායු­තු­වක්කු රු. 49,​500/​- සිට ඉහ­ළට.&#8230;
The post සාමාන්‍ය ‌සේවා appeared first on සිළුමිණ.","Sat, 13 Dec 2025 05:00:19 +0000",5.58,w 49 500 8230 post appeared first,4,0.0,0.0,0.0,Neutral,general,Normal,"Post, Appeared, 8230"
Silumina,ට්‍රම්ප්ගේ ආර­ක්ෂක වැඩ­පි­ළි­වෙළ සහ ලෝක බල තුල­නය,https://www.silumina.lk/2025/12/13/world/53523/%e0%b6%a7%e0%b7%8a%e0%b6%bb%e0%b6%b8%e0%b7%8a%e0%b6%b4%e0%b7%8a%e0%b6%9c%e0%b7%9a-%e0%b6%86%e0%b6%bb%e0%b6%9a%e0%b7%8a%e0%b7%82%e0%b6%9a-%e0%b7%80%e0%b7%90%e0%b6%a9%e0%b6%b4/,"ඩොනල්ඩ් ට්‍රම්ප් බල­යට පත් පළමු වතා­වේදී මෙන්ම මෙව­රද නේටෝ හවුල සහ යුරෝපා සංග­මය අතර සාම්ප්‍ර­දා­යි­කව පව­තින සම්බ­න්ධ­තාව අවු­ලට පත් වන තත්ත්ව­යක් දක්නට ඇත. පළමු වරට ජන­පති තන­තු­රට පත් වූ පසු&#8230;
The post ට්‍රම්ප්ගේ ආර­ක්ෂක වැඩ­පි­ළි­වෙළ සහ ලෝක බල තුල­නය appeared first on සිළුමිණ.","Fri, 12 Dec 2025 20:02:13 +0000",5.58,8230 post appeared first,4,0.0,0.0,0.0,Neutral,general,Normal,"Post, Appeared, 8230"
Silumina,රථවාහන,https://www.silumina.lk/2025/12/13/classifieds/53671/%e0%b6%bb%e0%b6%ae%e0%b7%80%e0%b7%8f%e0%b7%84%e0%b6%b1-68/,"රථවාහන හොණ්ඩා කාර් රථ විකිණීම හොන්ඩා වෙසල් 2014 අනර්ඝ තත්ත්වයේ ධාව­නය කි. මීටර් 186000 කාන්තා අධ්‍යක්ෂිකා­වක් විසින් පද­වන ලද තමන් සතු වාහ­න­යකි. දුර­ක­ථන &#8211; 0775266097 /​ 0777859319. 081603 වෑන් රථ&#8230;
The post රථවාහන appeared first on සිළුමිණ.","Fri, 12 Dec 2025 20:00:49 +0000",5.58,2014 186000 8211 0775266097 0777859319 081603 8230 post appeared first,4,0.0,0.0,0.0,Neutral,general,Normal,"Post, Appeared, 8230"
Silumina,ක්‍රිකට් ක්‍රීඩ­ක­යන් ධන­ව­තුන් කරන අයි­පී­එල් වෙන්දේ­සිය ශ්‍රී ලංකා­වෙන් 12ක්,https://www.silumina.lk/2025/12/13/sport/53542/%e0%b6%9a%e0%b7%8a%e0%b6%bb%e0%b7%92%e0%b6%9a%e0%b6%a7%e0%b7%8a-%e0%b6%9a%e0%b7%8a%e0%b6%bb%e0%b7%93%e0%b6%a9%e0%b6%9a%e0%b6%ba%e0%b6%b1%e0%b7%8a-%e0%b6%b0%e0%b6%b1/,"ක්‍රිකට් ලොව දැවැ­න්තම ක්‍රීඩක වෙන්දේ­සි­යට ඇත්තේ තවත් දින 2ක් පමණි. අන්ත­ර්ජා­තික ක්‍රිකට් බිමේ අති­වි­ශාල මුදල් කන්ද­රා­වක් හුව­මාරු වන ඉන්දීය ප්‍රිමි­යර් ලීග් විස්සයි20 ෆ්‍රැන්ච­යිස් ක්‍රිකට් තර­ගා­ව­ලියේ ක්‍රීඩක වෙන්දේ­සිය මෙවර අබු­ඩාබි නුව­රදී&#8230;
The post ක්‍රිකට් ක්‍රීඩ­ක­යන් ධන­ව­තුන් කරන අයි­පී­එල් වෙන්දේ­සිය ශ්‍රී ලංකා­වෙන් 12ක් appeared first on සිළුමිණ.","Fri, 12 Dec 2025 20:00:30 +0000",5.58,12 2 20 8230 post 12 appeared first,4,0.0,0.0,0.0,Neutral,general,Normal,"Post, Appeared, 8230"
Silumina,රැකී රක්ෂා,https://www.silumina.lk/2025/12/13/classifieds/real-state/53700/%e0%b6%bb%e0%b7%90%e0%b6%9a%e0%b7%93-%e0%b6%bb%e0%b6%9a%e0%b7%8a%e0%b7%82%e0%b7%8f-90/,"රැකී රක්‍ෂා රැකීරක්‍ෂා සේවා විදේශ රැකියා සම්බ­න්ධ­යෙන් ඔබ උන­න්දු­වක් දක්ව­න්නෙ­හිද? ඉදි­කි­රීම්,​ සෞඛ්‍ය සේවා,​ රෝහල්,​ ආප­න­ශාලා,​ අාරක්‍ෂක සමා­ගම් යන අංශ­යන්හි ආබෑර්තු ඇත. (SLBFE බල­පත්‍ර අංකය 3563) ඔබගේ ජීව දත්ත කරු­ණා­කර c​v​k​e​c​t​@​g​m​a​i​l​.​c​o​m​&#8230;
The post රැකී රක්ෂා appeared first on සිළුමිණ.","Fri, 12 Dec 2025 20:00:23 +0000",5.58,slbfe 3563 c v k e c g l c 8230 post appeared first,4,0.0,0.0,0.0,Neutral,general,Normal,"Post, Appeared, 8230"
Silumina,නිවාස හා ඉඩම්,https://www.silumina.lk/2025/12/13/classifieds/53699/%e0%b6%b1%e0%b7%92%e0%b7%80%e0%b7%8f%e0%b7%83-%e0%b7%84%e0%b7%8f-%e0%b6%89%e0%b6%a9%e0%b6%b8%e0%b7%8a-120/,"වතුපිටි විකිණීම ආන­ම­ඩුව නග­රයේ සිට කි.මී. 5 යි. කාපට් පාර. අක්කර 23 ඉඩම. තෙකලා විදු­ලිය,​ සෝලා පද්ධ­තිය,​ නොසි­ඳෙන නළ ජලය,​ ලයින් 8 ක විදුලි වැට,​ තට්ටු 3 නිවස,​ යට­ත­ට්ටුව නිම&#8230;
The post නිවාස හා ඉඩම් appeared first on සිළුමිණ.","Fri, 12 Dec 2025 20:00:21 +0000",5.58,5 23 8 3 8230 post appeared first,4,0.0,0.0,0.0,Neutral,general,Normal,"Post, Appeared, 8230"
Silumina,ව්‍යාපාරික,https://www.silumina.lk/2025/12/13/classifieds/53703/%e0%b7%80%e0%b7%8a%e0%b6%ba%e0%b7%8f%e0%b6%b4%e0%b7%8f%e0%b6%bb%e0%b7%92%e0%b6%9a-115/,"වෙළෙඳ ව්‍යාපාරික අවස්ථාවන් අක්කර දෙකක ඉඩ­මක වගා කර ලැබෙන ලාභය බෙදා ගැනී­මට අයෙකු අවශ්‍යයි. 0112578090,​ 0112578520. 078437 විශේෂ වෙළඳ හොඳින් පැසුණු වරකා තොග වශ­යෙන් මිලට ගනු ලැබේ. 0703202204 /​ 0716973330.&#8230;
The post ව්‍යාපාරික appeared first on සිළුමිණ.","Fri, 12 Dec 2025 20:00:18 +0000",5.58,0112578090 0112578520 078437 0703202204 0716973330 8230 post appeared first,4,0.0,0.0,0.0,Neutral,general,Normal,"Post, Appeared, 8230"
Silumina,වසර 113කට පෙර හොංකොං ක්‍රිකට් පිල මහ­මු­හු­දේදී බිලි ගත් සුළි කුණා­ටුව,https://www.silumina.lk/2025/12/13/sport/53581/%e0%b7%80%e0%b7%83%e0%b6%bb-113%e0%b6%9a%e0%b6%a7-%e0%b6%b4%e0%b7%99%e0%b6%bb-%e0%b7%84%e0%b7%9c%e0%b6%82%e0%b6%9a%e0%b7%9c%e0%b6%82-%e0%b6%9a%e0%b7%8a%e0%b6%bb%e0%b7%92%e0%b6%9a%e0%b6%a7/,"දකුණු, නැඟෙ­න­හිර සහ අග්නි­දිග ආසි­යා­වට එකම කාල­සී­මා­වක කඩා­වැ­දුණු දිට්වා, සෙන්යාර් සහ කෝටෝ සුළි කුණාටු ත්‍රිත්වය සිදු කළේ මහා ව්‍යස­න­යකි. මේ නිව­ර්තන සුළි කුණාටු ඉති­හා­සය පුරා වරින් වර නැඟෙ­න­හිර සහ අග්නි­දිග&#8230;
The post වසර 113කට පෙර හොංකොං ක්‍රිකට් පිල මහ­මු­හු­දේදී බිලි ගත් සුළි කුණා­ටුව appeared first on සිළුමිණ.","Fri, 12 Dec 2025 19:55:51 +0000",5.58,113 8230 post 113 appeared first,4,0.0,0.0,0.0,Neutral,general,Normal,"Post, Appeared, 8230"
Silumina,Integrated Reporting Awards හිදී NDB බැංකුව පිළි­ගැ­නී­මට ලක් වේ,https://www.silumina.lk/2025/12/13/sport/53590/integrated-reporting-awards-%e0%b7%84%e0%b7%92%e0%b6%af%e0%b7%93-ndb-%e0%b6%b6%e0%b7%90%e0%b6%82%e0%b6%9a%e0%b7%94%e0%b7%80-%e0%b6%b4%e0%b7%92%e0%b7%85%e0%b7%92%e0%b6%9c%e0%b7%90%e0%b6%b1/,"2025 වසරේ කීර්ති­මත් CMA ඒකා­බද්ධ වාර්තා­ක­රණ විශි­ෂ්ටතා සම්මාන උලෙ­ළේදී NDB බැංකුව නැවත වරක් ගෞර­ව­යට පාත්‍ර විය. ශ්‍රී ලංකා සහ­තික ලත් කළ­ම­නා­ක­රණ ගණ­කා­ධි­කා­රි­ව­රුන්ගේ ආය­ත­නය (CMA Sri Lanka) විසින් සංවි­ධා­නය කරනු ලබන&#8230;
The post Integrated Reporting Awards හිදී NDB බැංකුව පිළි­ගැ­නී­මට ලක් වේ appeared first on සිළුමිණ.","Fri, 12 Dec 2025 19:55:39 +0000",5.58,integrated reporting awards ndb 2025 cma ndb cma sri lanka 8230 post integrated reporting awards ndb appeared first,3,0.7184,0.0,0.7184,Opportunity,transport,Major Event,"Sri, Lanka, Rebuilding"
Silumina,Snow World 2025 සමඟ FunPort Excel Worldහිදී එළි­ද­ක්වයි,https://www.silumina.lk/2025/12/13/business/53593/snow-world-2025-%e0%b7%83%e0%b6%b8%e0%b6%9f-funport-excel-world%e0%b7%84%e0%b7%92%e0%b6%af%e0%b7%93-%e0%b6%91%e0%b7%85%e0%b7%92%e0%b6%af%e0%b6%9a%e0%b7%8a%e0%b7%80%e0%b6%ba%e0%b7%92/,"මේ උත්සව සමයේ, සිසි­ලස දන­වන වඩාත් ආක­ර්ෂ­ණීය විනෝ­දා­ස්වාද කේන්ද්‍ර­යක් ලෙස excel worldහි Snow World 2025 කර­ළි­යට පැමිණ තිබේ. කොළඹ නග­ර­යේදී පවුලේ සැමට සතුට විනෝ­දය උප­රිම අන්ද­මින් ලබා­දීම සඳහා ඔවුන් සිහින&#8230;
The post Snow World 2025 සමඟ FunPort Excel Worldහිදී එළි­ද­ක්වයි appeared first on සිළුමිණ.","Fri, 12 Dec 2025 19:55:35 +0000",5.58,snow world 2025 funport excel world excel world snow world 2025 8230 post snow world 2025 funport excel world appeared first,1,0.8402,0.0,0.8402,Opportunity,transport,Normal,"Police, Rs, Arrested"
Thinakaran,சீனாவின் திரீ கோர்ஜஸ் அணைக்கு அருகில் பெரும் மண்சரிவு,https://www.thinakaran.lk/2025/12/13/world/168768/%e0%ae%9a%e0%af%80%e0%ae%a9%e0%ae%be%e0%ae%b5%e0%ae%bf%e0%ae%a9%e0%af%8d-%e0%ae%a4%e0%ae%bf%e0%ae%b0%e0%af%80-%e0%ae%95%e0%af%8b%e0%ae%b0%e0%af%8d%e0%ae%9c%e0%ae%b8%e0%af%8d-%e0%ae%85%e0%ae%a3/,"சிச்சுவானின் லியாங்ஷான் பகுதியில் சீனாவின் புதிதாகத் திறக்கப்பட்ட ஹாங்கி பாலம் அருகே மண்சரிவு விரிசல்கள் தோன்றியதைத் தொடர்ந்து பகுதியளவு இடிந்து விழுந்துள்ளது. பெருமளவான பாறைகள் ஒரு மலைப்பகுதியில் விழுந்து, ஒரு&#8230;
The post சீனாவின் திரீ கோர்ஜஸ் அணைக்கு அருகில் பெரும் மண்சரிவு appeared first on Thinakaran.","Sat, 13 Dec 2025 14:30:17 +0000",5.5,8230 post appeared first thinakaran,4,0.0,0.0,0.0,Neutral,general,Normal,"Post, Appeared, 8230"
Thinakaran,பயிர் சேதங்களுக்கு இழப்பீடு வழங்கும் பணியை டிச. 25 இற்கு முன்னர் நிறைவு செய்யுங்கள்,https://www.thinakaran.lk/2025/12/13/breaking-news/168764/%e0%ae%aa%e0%ae%af%e0%ae%bf%e0%ae%b0%e0%af%8d-%e0%ae%9a%e0%af%87%e0%ae%a4%e0%ae%99%e0%af%8d%e0%ae%95%e0%ae%b3%e0%af%81%e0%ae%95%e0%af%8d%e0%ae%95%e0%af%81-%e0%ae%87%e0%ae%b4%e0%ae%aa%e0%af%8d%e0%ae%aa/,"அனர்த்தத்தால் பாதிக்கப்பட்ட மக்களின் வாழ்வாதாரத்தை மீண்டும் கட்டியெழுப்புவதற்கு முன்னுரிமை அளிக்க வேண்டும் என்றும், சேதங்களுக்கான இழப்பீடு வழங்கும் பணியை விரைவுபடுத்தி, விவசாயம், மீன்பிடி மற்றும் தொழில்துறைகளை மீட்டெடுக்க துரித நடவடிக்கைகளை&#8230;
The post பயிர் சேதங்களுக்கு இழப்பீடு வழங்கும் பணியை டிச. 25 இற்கு முன்னர் நிறைவு செய்யுங்கள் appeared first on Thinakaran.","Sat, 13 Dec 2025 14:00:24 +0000",5.5,25 8230 post 25 appeared first thinakaran,4,0.0,0.0,0.0,Neutral,general,Normal,"Post, Appeared, 8230"
Thinakaran,யாழில் இறந்தும் இருவரின் உயிரை காப்பாற்றிய 27 வயது இளைஞன்,https://www.thinakaran.lk/2025/12/13/breaking-news/168761/%e0%ae%af%e0%ae%be%e0%ae%b4%e0%ae%bf%e0%ae%b2%e0%af%8d-%e0%ae%87%e0%ae%b1%e0%ae%a8%e0%af%8d%e0%ae%a4%e0%af%81%e0%ae%ae%e0%af%8d-%e0%ae%87%e0%ae%b0%e0%af%81%e0%ae%b5%e0%ae%b0%e0%ae%bf%e0%ae%a9%e0%af%8d/,"வவுனியாவில் விபத்தில் சிக்கிய இளைஞன், இருவரின் உயிரை காப்பாற்றி , தனது மண்ணுலக வாழ்வை முடித்துக்கொண்டமை பலர் மத்தியில் துயரை ஏற்படுத்தியுள்ளது. குறித்த இளைஞனின் பூதவுடலுக்கு யாழ்ப்பாண போதனா வைத்தியசாலை&#8230;
The post யாழில் இறந்தும் இருவரின் உயிரை காப்பாற்றிய 27 வயது இளைஞன் appeared first on Thinakaran.","Sat, 13 Dec 2025 07:04:22 +0000",5.5,27 8230 post 27 appeared first thinakaran,4,0.0,0.0,0.0,Neutral,general,Normal,"Post, Appeared, 8230"
Thinakaran,ரூ. 100 மில்லியன் நன்கொடை வழங்கிய Almas Holdings நிறுவனம்,https://www.thinakaran.lk/2025/12/13/breaking-news/168756/%e0%ae%b0%e0%af%82-100-%e0%ae%ae%e0%ae%bf%e0%ae%b2%e0%af%8d%e0%ae%b2%e0%ae%bf%e0%ae%af%e0%ae%a9%e0%af%8d-%e0%ae%a8%e0%ae%a9%e0%af%8d%e0%ae%95%e0%af%8a%e0%ae%9f%e0%af%88-%e0%ae%b5%e0%ae%b4%e0%ae%99/,"டிட்வா சூறாவளியால் பாதிக்கப்பட்ட மக்களுக்கு நிவாரணம் வழங்குவதற்கான அரசாங்கத்தின் ‘Rebuilding Sri Lanka’ நிதியத்திற்கு Almas Holdings (Pvt) Ltd இனால் ரூ, 100 மில்லியன் நன்கொடை வழங்கப்பட்டது. குறித்த&#8230;
The post ரூ. 100 மில்லியன் நன்கொடை வழங்கிய Almas Holdings நிறுவனம் appeared first on Thinakaran.","Sat, 13 Dec 2025 05:38:24 +0000",5.5,100 almas holdings rebuilding sri lanka almas holdings pvt ltd 100 8230 post 100 almas holdings appeared first thinakaran,3,0.0,2.0,2.0,Opportunity,general,Major Event,"Sri, Lanka, Rebuilding"
Thinakaran,கொழும்பில் 5 மணி நேரம் குறைந்த அழுத்த நீர் விநியோகம்,https://www.thinakaran.lk/2025/12/13/breaking-news/168749/%e0%ae%95%e0%af%8a%e0%ae%b4%e0%af%81%e0%ae%ae%e0%af%8d%e0%ae%aa%e0%ae%bf%e0%ae%b2%e0%af%8d-5-%e0%ae%ae%e0%ae%a3%e0%ae%bf-%e0%ae%a8%e0%af%87%e0%ae%b0%e0%ae%ae%e0%af%8d-%e0%ae%95%e0%af%81%e0%ae%b1/,"கொழும்பில் 5 மணித்தியாலங்களுக்கு குறைந்த அழுத்தத்தில் நீர் விநியோகிக்கப்படும் என அறிவிக்கப்பட்டுள்ளது. அதற்கமைய, இன்று (13) இரவு 10.00 மணி முதல் நாளை (14) அதிகாலை 3.00 மணி வரையான&#8230;
The post கொழும்பில் 5 மணி நேரம் குறைந்த அழுத்த நீர் விநியோகம் appeared first on Thinakaran.","Sat, 13 Dec 2025 05:06:51 +0000",5.5,5 5 13 10 00 14 3 00 8230 post 5 appeared first thinakaran,4,0.0,0.0,0.0,Neutral,general,Normal,"Post, Appeared, 8230"
Thinakaran,வெளிநாட்டில் உள்ளோர் அனுப்பிய பணம் சாதனை பதிவு,https://www.thinakaran.lk/2025/12/13/breaking-news/168744/%e0%ae%b5%e0%af%86%e0%ae%b3%e0%ae%bf%e0%ae%a8%e0%ae%be%e0%ae%9f%e0%af%8d%e0%ae%9f%e0%ae%bf%e0%ae%b2%e0%af%8d-%e0%ae%89%e0%ae%b3%e0%af%8d%e0%ae%b3%e0%af%8b%e0%ae%b0%e0%af%8d-%e0%ae%85%e0%ae%a9%e0%af%81/,"வெளிநாட்டில் பணிபுரிவோர், இலங்கைக்கு மேற்கொண்ட பண அனுப்பல் நவம்பர் மாதத்தில் 673.4 மில்லியன் அமெரிக்க டொலராகப் பதிவாகியுள்ளது. இலங்கை மத்திய வங்கி இதனை தெரிவித்துள்ளது. அதற்கமைய, 2025 ஜனவரி &#8211;&#8230;
The post வெளிநாட்டில் உள்ளோர் அனுப்பிய பணம் சாதனை பதிவு appeared first on Thinakaran.","Sat, 13 Dec 2025 04:22:57 +0000",5.5,673 4 2025 8211 8230 post appeared first thinakaran,4,0.0,0.0,0.0,Neutral,general,Normal,"Post, Appeared, 8230"
Thinakaran,"டிட்வா நிவாரணம், முதலீடுகள் குறித்து அமெரிக்க தூதுவருடன் கலந்துரையாடல்",https://www.thinakaran.lk/2025/12/13/breaking-news/168752/%e0%ae%9f%e0%ae%bf%e0%ae%9f%e0%af%8d%e0%ae%b5%e0%ae%be-%e0%ae%a8%e0%ae%bf%e0%ae%b5%e0%ae%be%e0%ae%b0%e0%ae%a3%e0%ae%ae%e0%af%8d-%e0%ae%ae%e0%af%81%e0%ae%a4%e0%ae%b2%e0%af%80%e0%ae%9f%e0%af%81/,"விஞ்ஞானம், தொழில்நுட்பம் தொடர்பான ஜனாதிபதியின் சிரேஷ்ட ஆலோசகர் பேராசிரியர் கோமிக உடுகமசூரிய, இலங்கைக்கான அமெரிக்கத் தூதுவர் ஜூலி சங் (Julie Chung) உடன் அண்மையில் கொழும்பில் உள்ள அமெரிக்கத் தூதரகத்தில்&#8230;
The post டிட்வா நிவாரணம், முதலீடுகள் குறித்து அமெரிக்க தூதுவருடன் கலந்துரையாடல் appeared first on Thinakaran.","Sat, 13 Dec 2025 04:22:30 +0000",5.5,julie chung 8230 post appeared first thinakaran,4,0.0,0.0,0.0,Neutral,general,Normal,"Post, Appeared, 8230"
Thinakaran,பேஸ்புக் மூலம் ஒன்றுகூடல்; 26 பேர் போதைப்பொருளுடன் கைது,https://www.thinakaran.lk/2025/12/13/breaking-news/168741/%e0%ae%aa%e0%af%87%e0%ae%b8%e0%af%8d%e0%ae%aa%e0%af%81%e0%ae%95%e0%af%8d-%e0%ae%ae%e0%af%82%e0%ae%b2%e0%ae%ae%e0%af%8d-%e0%ae%92%e0%ae%a9%e0%af%8d%e0%ae%b1%e0%af%81%e0%ae%95%e0%af%82%e0%ae%9f%e0%ae%b2/,"தெல்தெனிய பொலிஸ் பிரிவிற்குட்பட்ட, விக்டோரியா நீர்த்தேக்கத்திற்கு அருகிலுள்ள ஹோட்டல் ஒன்றில் இடம்பெற்ற பேஸ்புக் மூலமான ஒன்றுகூடலில் 4 யுவதிகள் உள்ளிட்ட 22 பேர் போதைப்பொருட்களுடன் கைது செய்யப்பட்டுள்ளனர். இன்று (13)&#8230;
The post பேஸ்புக் மூலம் ஒன்றுகூடல்; 26 பேர் போதைப்பொருளுடன் கைது appeared first on Thinakaran.","Sat, 13 Dec 2025 03:56:34 +0000",5.5,26 4 22 13 8230 post 26 appeared first thinakaran,4,0.0,0.0,0.0,Neutral,general,Normal,"Post, Appeared, 8230"
Thinakaran,டிசம்பர் 18 விசேட பாராளுமன்ற அமர்வு,https://www.thinakaran.lk/2025/12/13/breaking-news/168736/%e0%ae%9f%e0%ae%bf%e0%ae%9a%e0%ae%ae%e0%af%8d%e0%ae%aa%e0%ae%b0%e0%af%8d-18-%e0%ae%b5%e0%ae%bf%e0%ae%9a%e0%af%87%e0%ae%9f-%e0%ae%aa%e0%ae%be%e0%ae%b0%e0%ae%be%e0%ae%b3%e0%af%81%e0%ae%ae%e0%ae%a9/,"எதிர்வரும் டிசம்பர் 18ஆம் திகதி பாராளுமன்ற விசேட அமர்வு ஒன்று இடம்பெறவுள்ளது. பிரதமர் ஹரிணி அமரசூரியவின் கோரிக்கைக்கு அமைய பாராளுமன்ற நிலையியற் கட்டளை 16 இன் பிரகாரம் எதிர்வரும் 18&#8230;
The post டிசம்பர் 18 விசேட பாராளுமன்ற அமர்வு appeared first on Thinakaran.","Sat, 13 Dec 2025 03:49:04 +0000",5.5,18 18 16 18 8230 post 18 appeared first thinakaran,4,0.0,0.0,0.0,Neutral,general,Normal,"Post, Appeared, 8230"
Thinakaran,"வடக்கு, கிழக்கு, ஊவா, மத்தி, வடமேல் பகுதிகளில் மழை",https://www.thinakaran.lk/2025/12/13/breaking-news/168733/%e0%ae%b5%e0%ae%9f%e0%ae%95%e0%af%8d%e0%ae%95%e0%af%81-%e0%ae%95%e0%ae%bf%e0%ae%b4%e0%ae%95%e0%af%8d%e0%ae%95%e0%af%81-%e0%ae%8a%e0%ae%b5%e0%ae%be-%e0%ae%ae%e0%ae%a4%e0%af%8d%e0%ae%a4%e0%ae%bf-2/,"இன்றையதினம் (13) நாட்டின் வடக்கு, கிழக்கு, வடமத்திய, ஊவா, மத்திய, வடமேல் மாகாணங்களில் பல தடவைகள் மழை பெய்யும் என எதிர்பார்க்கப்படுவதாக, வளிமண்டலவியல் திணைக்களம் எதிர்வு கூறியுள்ளது. நாட்டின் ஏனைய&#8230;
The post வடக்கு, கிழக்கு, ஊவா, மத்தி, வடமேல் பகுதிகளில் மழை appeared first on Thinakaran.","Sat, 13 Dec 2025 02:46:07 +0000",5.5,13 8230 post appeared first thinakaran,4,0.0,0.0,0.0,Neutral,general,Normal,"Post, Appeared, 8230"
